name,departamento,departamento_deparamento_id,muncipio_id
1° DE MAYO,URUGUAY,231,1605
25 DE MAYO,25 DE MAYO,332,1606
28 DE JULIO,GAIMAN,149,1607
28 DE NOVIEMBRE,GUER AIKE,384,1608
3 DE ABRIL,BELLA VISTA,202,1609
7 DE ABRIL,BURRUYACU,443,1610
9 DE JULIO,SAN ROQUE,204,1611
AARON CASTELLANOS,GENERAL LOPEZ,395,1612
ABRA GRANDE,BANDA,412,1613
ABRA PAMPA,COCHINOCA,244,1614
ABRALAITE,COCHINOCA,244,1615
ABRAMO,HUCAL,268,1616
ACEBAL,ROSARIO,392,1617
ACHERAL,MONTEROS,439,1618
ACHIRAS,RIO CUARTO,193,1619
ACONQUIJA,ANDALGALÁ,122,1620
ACOS - POZO DEL ARBOLITO,RIO HONDO,426,1621
ADELIA MARIA,RIO CUARTO,193,1622
ADOLFO ALSINA,ADOLFO ALSINA,335,1623
ADOLFO GONZALES CHAVES,ADOLFO GONZALES CHAVES,40,1624
ADOLFO VAN PRAET,REALICO,260,1625
AGUA DE ORO,COLON,2,1626
AGUA DULCE Y LA SOLEDAD,LEALES,441,1627
AGUADA CECILIO,VALCHETA,333,1628
AGUADA DE GUERRA,25 DE MAYO,332,1629
AGUADA GUZMAN,EL CUY,331,1630
AGUADA SAN ROQUE,AÑELO,323,1631
AGUARA GRANDE,SAN CRISTOBAL,393,1632
AGUARAY,GENERAL JOSE DE SAN MARTÍN,348,1633
AGUAS BLANCAS,ORAN,346,1634
AGUAS CALIENTES,EL CARMEN,248,1635
AGUILARES,RIO CHICO,444,1636
AGUSTONI,MARACO,270,1637
AHI VEREMOS,COPO,414,1638
ALBA POSSE,25 DE MAYO,332,1639
ALBARDON,ALBARDON,371,1640
ALBARDON - PUNTA DEL MONTE,GUALEGUAY,220,1641
ALBARELLOS,ROSARIO,392,1642
ALBERTI,ALBERTI,33,1643
ALCARAZ,LA PAZ,221,1644
ALCARAZ NORTE,LA PAZ,221,1645
ALCARAZ SUR,LA PAZ,221,1646
ALCIRA,RIO CUARTO,193,1647
ALCORTA,CONSTITUCION,388,1648
ALDAO,SAN LORENZO,406,1649
ALDEA APELEG,RIO SENGUER,148,1650
ALDEA ASUNCION,GUALEGUAY,220,1651
ALDEA BELEIRO,RIO SENGUER,148,1652
ALDEA BRASILERA,DIAMANTE,224,1653
ALDEA EIGENFELD,PARANA,229,1654
ALDEA EPULEF,LANGUIÑEO,147,1655
ALDEA GRAPSCHENTAL,DIAMANTE,224,1656
ALDEA MARIA LUISA,PARANA,229,1657
ALDEA PROTESTANTE,DIAMANTE,224,1658
ALDEA SALTO,DIAMANTE,224,1659
ALDEA SAN ANTONIO,PARANA,229,1660
ALDEA SAN JUAN,GUALEGUAYCHU,223,1661
ALDEA SAN MIGUEL,NOGOYA,228,1662
ALDEA SAN RAFAEL,PARANA,229,1663
ALDEA SANTA MARIA,UNION,178,1664
ALDEA SANTA ROSA,PARANA,229,1665
ALDEA SPATZENKUTTER,DIAMANTE,224,1666
ALDEA VALLE MARIA,DIAMANTE,224,1667
ALDERETES,CRUZ ALTA,436,1668
ALEJANDRA,SAN JAVIER,398,1669
ALEJANDRO ROCA,JUAREZ CELMAN,191,1670
ALEJO LEDESMA,MARCOS JUAREZ,183,1671
ALGARROBO DEL AGUILA,CHICAL CO,276,1672
ALICIA,SAN JUSTO,401,1673
ALLEN,GENERAL ROCA,188,1674
ALMAFUERTE,LEANDRO N. ALEM,311,1675
ALMIRANTE BROWN,ALMIRANTE BROWN,5,1676
ALPA CORRAL,RIO CUARTO,193,1677
ALPACHIRI,GUATRACHE,273,1678
ALPACHIRI Y EL MOLINO,CHICLIGASTA,437,1679
ALTA GRACIA,SANTA MARÍA,184,1680
ALTA ITALIA,REALICO,260,1681
ALTAMIRANO SUR,TALA,234,1682
ALTO ALEGRE,UNION,178,1683
ALTO DE LOS QUEBRACHOS,CRUZ DEL EJE,194,1684
ALTO PELADO,GENERAL PEDERNERA,373,1685
ALTO PENCOSO,JUAN MARTÍN DE PUEYRREDÓN,379,1686
ALTO RIO SENGUER,RIO SENGUER,148,1687
ALTO VERDE Y LOS GUCHEA,CHICLIGASTA,437,1688
ALTOS DE CHIPION,SAN JUSTO,401,1689
ALUMINE,ALUMINE,326,1690
ALVAREZ,ROSARIO,392,1691
ALVEAR,ROSARIO,392,1692
AMAICHA DEL VALLE,TAFI DEL VALLE,440,1693
AMAMA,MORENO,424,1694
AMBERES,MONTEROS,439,1695
AMBOY,CALAMUCHITA,179,1696
AMBROSETTI,SAN CRISTOBAL,393,1697
AMBUL,SAN ALBERTO,192,1698
AMENABAR,GENERAL LOPEZ,395,1699
AMICHA,RIO HONDO,426,1700
ANA ZUMARAN,UNION,178,1701
ANCAJULI,TAFI VIEJO,445,1702
ANCASTI,ANCASTI,125,1703
ANCHORENA,GOBERNADOR DUPUY,380,1704
ANDACOLLO,MINAS,177,1705
ANDALGALA,ANDALGALÁ,122,1706
ANDRESITO,GENERAL MANUEL BELGRANO,315,1707
ANGACO,ANGACO,368,1708
ANGASTACO,SAN CARLOS,295,1709
ANGELICA,CASTELLANOS,390,1710
ANGELONI,SAN JUSTO,401,1711
ANGUIL,CAPITAL,413,1712
ANIMANA,SAN CARLOS,295,1713
ANISACATE,SANTA MARÍA,184,1714
ANTAJE,BANDA,412,1715
ANTELO,VICTORIA,232,1716
ANTOFAGASTA DE LA SIERRA,ANTOFAGASTA DE LA SIERRA,128,1717
ANTONIO TOMAS,PARANA,229,1718
AÑATUYA,GENERAL TABOADA,422,1719
AÑELO,AÑELO,323,1720
APOLINARIO SARAVIA,ANTA,347,1721
APOSTOLES,APOSTOLES,306,1722
ARANGUREN,NOGOYA,228,1723
ARATA,TRENEL,277,1724
ARAUCO,ARAUCO,280,1725
ARCADIA,CHICLIGASTA,437,1726
ARDILES,BANDA,412,1727
AREA SIN GOBIERNO,MAGALLANES,383,1728
AREQUITO,CASEROS,391,1729
ARGENTINA,AGUIRRE,409,1730
ARIAS,MARCOS JUAREZ,183,1731
ARISTOBULO DEL VALLE,CAINGUAS,305,1732
ARIZONA,GOBERNADOR DUPUY,380,1733
ARMINDA,ROSARIO,392,1734
ARMSTRONG,BELGRANO,403,1735
AROCENA,SAN JERONIMO,399,1736
ARRAGA,SILIPICA,427,1737
ARRAYANAL,SAN PEDRO,304,1738
ARRECIFES,ARRECIFES,94,1739
ARROYITO,SAN JUSTO,401,1740
ARROYO AGUIAR,LA CAPITAL,402,1741
ARROYO ALGODON,GENERAL SAN MARTIN,182,1742
ARROYO BARU,COLON,2,1743
ARROYO BURGOS,PARANA,229,1744
ARROYO CABRAL,GENERAL SAN MARTIN,182,1745
ARROYO CEIBAL,GENERAL OBLIGADO,397,1746
ARROYO CLE,TALA,234,1747
ARROYO CORRALITO,PARANA,229,1748
ARROYO DEL MEDIO,LEANDRO N. ALEM,311,1749
ARROYO GENA,URUGUAY,231,1750
ARROYO LEYES,LA CAPITAL,402,1751
ARROYO LOS BERROS,VALCHETA,333,1752
ARROYO LOS PATOS,SAN ALBERTO,192,1753
ARROYO SECO,ROSARIO,392,1754
ARROYO VENTANA,VALCHETA,333,1755
ARRUFO,SAN CRISTOBAL,393,1756
ARTEAGA,CASEROS,391,1757
ASSUNTA,JUAREZ CELMAN,191,1758
ATAHONA,SIMOCA,438,1759
ATALIVA,CASTELLANOS,390,1760
ATALIVA ROCA,UTRACAN,259,1761
ATOJ POZO,SAN MARTIN,396,1762
AURELIA,CASTELLANOS,390,1763
AUSONIA,GENERAL SAN MARTIN,182,1764
AVELLANEDA,GENERAL OBLIGADO,397,1765
AVERIAS,GENERAL TABOADA,422,1766
AVIA TERAI,INDEPENDENCIA,140,1767
AYACUCHO,AYACUCHO,377,1768
AZARA,APOSTOLES,306,1769
AZUL,AZUL,63,1770
BAGUAL,GOBERNADOR DUPUY,380,1771
BAHIA BLANCA,BAHÍA BLANCA,89,1772
BAJADA DEL AGRIO,PICUNCHES,328,1773
BAJO CARACOLES,RÍO CHICO,385,1774
BALCARCE,BALCARCE,13,1775
BALDE,JUAN MARTÍN DE PUEYRREDÓN,379,1776
BALLESTEROS,UNION,178,1777
BALLESTEROS SUD,UNION,178,1778
BALNEARIA,SAN JUSTO,401,1779
BANCO PAYAGUA,LAISHI,241,1780
BANDA DEL RIO SALI,CRUZ ALTA,436,1781
BANDERA,BELGRANO,403,1782
BANDERA BAJADA,FIGUEROA,421,1783
BANDERAS,FEDERAL,222,1784
BAÑADO DE SOTO,CRUZ DEL EJE,194,1785
BARADERO,BARADERO,86,1786
BARRANCAS,COCHINOCA,244,1787
BARRANQUERAS,SAN FERNANDO,135,1788
BARRIOS,YAVI,255,1789
BARTOLOME DE LAS CASAS,PATIÑO,236,1790
BASAIL,SAN FERNANDO,135,1791
BASAVILBASO,URUGUAY,231,1792
BATAVIA,GOBERNADOR DUPUY,380,1793
BAUER Y SIGEL,CASTELLANOS,390,1794
BEAZLEY,JUAN MARTÍN DE PUEYRREDÓN,379,1795
BELEN,BELEN,117,1796
BELL VILLE,UNION,178,1797
BELLA ITALIA,CASTELLANOS,390,1798
BELLA VISTA,BELLA VISTA,202,1799
BELTRAN,ROBLES,417,1800
BENGOLEA,JUAREZ CELMAN,191,1801
BENITO JUAREZ,BENITO JUAREZ,3,1802
BENJAMIN ARAOZ  Y EL TAJAMAR,BURRUYACU,443,1803
BENJAMIN GOULD,UNION,178,1804
BERABEVU,CASEROS,391,1805
BERAZATEGUI,BERAZATEGUI,49,1806
BERISSO,BERISSO,76,1807
BERNA,GENERAL OBLIGADO,397,1808
BERNARDO DE IRIGOYEN,SAN JERONIMO,399,1809
BERNARDO LARROUDE,CHAPALEUFU,267,1810
BERNASCONI,HUCAL,268,1811
BERÓN DE ASTRADA,BERON DE ASTRADA,216,1812
BERROTARAN,RIO CUARTO,193,1813
BETBEDER,NOGOYA,228,1814
BIALET MASSE,PUNILLA,186,1815
BIGAND,CASEROS,391,1816
BOLIVAR,BOLIVAR,77,1817
BOMBAL,CONSTITUCION,388,1818
BONPLAND,CANDELARIA,309,1819
BOUQUET,BELGRANO,403,1820
BOUWER,SANTA MARÍA,184,1821
BOVRIL,LA PAZ,221,1822
BRAGADO,BRAGADO,50,1823
BRANDSEN,BRANDSEN,44,1824
BREA POZO,SAN MARTIN,396,1825
BRINKMANN,SAN JUSTO,401,1826
BUCHARDO,GENERAL ROCA,188,1827
BUEN PASTO,SARMIENTO,408,1828
BUENA ESPERANZA,GOBERNADOR DUPUY,380,1829
BUENA VISTA,PILAGAS,240,1830
BULNES,RIO CUARTO,193,1831
BURRUYACU,BURRUYACU,443,1832
BUSTINZA,IRIONDO,389,1833
BUTA RANQUIL,PEHUENCHES,325,1834
CAA CATI,GENERAL PAZ,210,1835
CAA YARI,LEANDRO N. ALEM,311,1836
CABAL,LA CAPITAL,402,1837
CABALANGO,PUNILLA,186,1838
CACHI,CACHI,358,1839
CACIQUE ARIACAIQUIN,SAN JAVIER,398,1840
CAFAYATE,CAFAYATE,345,1841
CAFERATA,GENERAL LOPEZ,395,1842
CAIMANCITO,LEDESMA,247,1843
CALCHAQUI,VERA,400,1844
CALCHIN,RIO SEGUNDO,187,1845
CALCHIN OESTE,RIO SEGUNDO,187,1846
CALETA OLIVIA,DESEADO,382,1847
CALEUFU,RANCUL,264,1848
CALILEGUA,LEDESMA,247,1849
CALINGASTA,CALINGASTA,365,1850
CALMAYO,CALAMUCHITA,179,1851
CAMARONES,FLORENTINO AMEGHINO,156,1852
CAMILO ALDAO,MARCOS JUAREZ,183,1853
CAMINIAGA,SOBREMONTE,195,1854
CAMPANA,CAMPANA,35,1855
CAMPO ANDINO,LA CAPITAL,402,1856
CAMPO GALLO,ALBERDI,410,1857
CAMPO GRANDE,PELLEGRINI,416,1858
CAMPO LARGO,INDEPENDENCIA,140,1859
CAMPO PIAGGIO,SAN JERONIMO,399,1860
CAMPO QUIJANO,ROSARIO DE LERMA,360,1861
CAMPO RAMON,OBERA,308,1862
CAMPO SANTO,GENERAL GUEMES,133,1863
CAMPO VIERA,OBERA,308,1864
CANALS,UNION,178,1865
CANDELARIA,AYACUCHO,377,1866
CANDELARIA SUD,TOTORAL,189,1867
CANDIOTI,LA CAPITAL,402,1868
CANGREJILLOS,YAVI,255,1869
CAÑADA DE GOMEZ,IRIONDO,389,1870
CAÑADA DE LUQUE,TOTORAL,189,1871
CAÑADA DE MACHADO,RIO PRIMERO,185,1872
CAÑADA DE RIO PINTO,ISCHILIN,176,1873
CAÑADA DEL SAUCE,CALAMUCHITA,179,1874
CAÑADA DEL UCLE,GENERAL LOPEZ,395,1875
CAÑADA ESCOBAR,BANDA,412,1876
CAÑADA OMBU,VERA,400,1877
CAÑADA RICA,CONSTITUCION,388,1878
CAÑADA ROSQUIN,SAN MARTIN,396,1879
CAÑADON SECO,DESEADO,382,1880
CAÑUELAS,CAÑUELAS,64,1881
CAPAYAN,CAPAYAN,123,1882
CAPILLA DE LOS REMEDIOS,RIO PRIMERO,185,1883
CAPILLA DEL CARMEN,RIO SEGUNDO,187,1884
CAPILLA DEL MONTE,PUNILLA,186,1885
CAPILLA DEL SITON,TOTORAL,189,1886
CAPIOVI,LIBERTADOR GENERAL SAN MARTÍN,374,1887
CAPITAL,CAPITAL,413,1888
CAPITAN BERMUDEZ,SAN LORENZO,406,1889
CAPITAN CACERES,MONTEROS,439,1890
CAPITAN GENERAL BERNARDO O HIGGINS,MARCOS JUAREZ,183,1891
CAPITAN SARMIENTO,CAPITAN SARMIENTO,57,1892
CAPITAN SOLARI,SARGENTO CABRAL,134,1893
CAPIVARA,SAN CRISTOBAL,393,1894
CARAGUATAY,MONTECARLO,312,1895
CARCARAÑA,SAN LORENZO,406,1896
CARLOS CASARES,CARLOS CASARES,65,1897
CARLOS PELLEGRINI,SAN MARTIN,396,1898
CARLOS TEJEDOR,CARLOS TEJEDOR,92,1899
CARMEN,GENERAL LOPEZ,395,1900
CARMEN DE ARECO,CARMEN DE ARECO,15,1901
CARMEN DEL SAUCE,ROSARIO,392,1902
CARNERILLO,JUAREZ CELMAN,191,1903
CAROLINA,GOYA,200,1904
CARPINTERIA,JUNIN,376,1905
CARRENLEUFU,LANGUIÑEO,147,1906
CARRERAS,GENERAL LOPEZ,395,1907
CARRILOBO,RIO SEGUNDO,187,1908
CARRIZALES,IRIONDO,389,1909
CARRO QUEMADO,LOVENTUE,271,1910
CASA DE PIEDRA,PUELEN,262,1911
CASA GRANDE,PUNILLA,186,1912
CASALEGNO,SAN JERONIMO,399,1913
CASARES,AGUIRRE,409,1914
CASAS,SAN MARTIN,396,1915
CASEROS,URUGUAY,231,1916
CASILDA,CASEROS,391,1917
CASPALA,VALLE GRANDE,252,1918
CASPI CORRAL,FIGUEROA,421,1919
CASTELAR,SAN MARTIN,396,1920
CASTELLANOS,CASTELLANOS,390,1921
CASTELLI,CASTELLI,27,1922
CASTRO BARROS,CASTRO BARROS,292,1923
CATRIEL,GENERAL ROCA,188,1924
CATRILO,CATRILO,269,1925
CATUA,SUSQUES,253,1926
CAUCETE,CAUCETE,364,1927
CAVANAGH,MARCOS JUAREZ,183,1928
CAVIAHUE - COPAHUE,ÑORQUIN,327,1929
CAVOUR,LAS COLONIAS,394,1930
CAYASTA,GARAY,405,1931
CAYASTACITO,SAN JUSTO,401,1932
CAZADORES CORRENTINOS,CURUZU CUATIA,205,1933
CEBALLOS,CHAPALEUFU,267,1934
CECILIO ECHAVARRIA,LAVALLE,198,1935
CEIBAS,ISLAS DEL IBICUY,227,1936
CENTENARIO,CONFLUENCIA,316,1937
CENTENO,SAN JERONIMO,399,1938
CEPEDA,CONSTITUCION,388,1939
CERES,SAN CRISTOBAL,393,1940
CERRILLOS,CERRILLOS,353,1941
CERRITO,PARANA,229,1942
CERRO AZUL,LEANDRO N. ALEM,311,1943
CERRO CENTINELA,FUTALEUFU,151,1944
CERRO COLORADO,RIO SECO,180,1945
CERRO CORA,CANDELARIA,309,1946
CERRO POLICIA,EL CUY,331,1947
CERVANTES,GENERAL ROCA,188,1948
CEVIL REDONDO,YERBA BUENA,446,1949
CHABAS,CASEROS,391,1950
CHACABUCO,CHACABUCO,378,1951
CHACHARRAMENDI,UTRACAN,259,1952
CHAJAN,RIO CUARTO,193,1953
CHAJARI,FEDERACION,219,1954
CHALACEA,RIO PRIMERO,185,1955
CHAMICAL,CHAMICAL,281,1956
CHANCANI,POCHO,181,1957
CHAÑAR LADEADO,CASEROS,391,1958
CHAÑAR VIEJO,RIO SECO,180,1959
CHAPUY,GENERAL LOPEZ,395,1960
CHARADAI,TAPENAGA,143,1961
CHARATA,CHACABUCO,378,1962
CHARBONIER,PUNILLA,186,1963
CHARRAS,JUAREZ CELMAN,191,1964
CHASCOMUS,CHASCOMUS,55,1965
CHAUCHILLAS,RIO HONDO,426,1966
CHAUPI POZO,BANDA,412,1967
CHAVARRIA,SAN ROQUE,204,1968
CHAZON,GENERAL SAN MARTIN,182,1969
CHELFORO,AVELLANEDA,419,1970
CHICHINALES,GENERAL ROCA,188,1971
CHICLIGASTA,SIMOCA,438,1972
CHICOANA,CHICOANA,349,1973
CHILCA JULIANA,SALAVINA,407,1974
CHILCAS,VICTORIA,232,1975
CHILECITO,CHILECITO,285,1976
CHILIBROSTE,UNION,178,1977
CHIMBAS,CHIMBAS,372,1978
CHIMPAY,AVELLANEDA,419,1979
CHIPAUQUIL,VALCHETA,333,1980
CHIVILCOY,CHIVILCOY,85,1981
CHOELE CHOEL,AVELLANEDA,419,1982
CHOLILA,CUSHAMEN,150,1983
CHOROMORO,TRANCAS,449,1984
CHOROTIS,FRAY JUSTO SANTA MARÍA DE ORO,145,1985
CHORRIACA,LONCOPUE,320,1986
CHOS MALAL,CHOS MALAL,319,1987
CHOVET,GENERAL LOPEZ,395,1988
CHOYA,CHOYA,428,1989
CHRISTOPHERSEN,GENERAL LOPEZ,395,1990
CHUCUL,RIO CUARTO,193,1991
CHUÑA,ISCHILIN,176,1992
CHUÑA HUASI,SOBREMONTE,195,1993
CHURQUI CAÑADA,TULUMBA,196,1994
CIENAGA DEL CORO,MINAS,177,1995
CIENEGUILLAS,SANTA CATALINA,250,1996
CIERVO PETISO,LIBERTADOR GENERAL SAN MARTÍN,374,1997
CINCO SALTOS,GENERAL ROCA,188,1998
CINTRA,UNION,178,1999
CIPOLLETTI,GENERAL ROCA,188,2000
CIUDACITA,SIMOCA,438,2001
CLASSON,IRIONDO,389,2002
CLEMENTE ONELLI,25 DE MAYO,332,2003
CLODOMIRA,BANDA,412,2004
CLODOMIRO LEDESMA,CONCORDIA,233,2005
CLORINDA,PILCOMAYO,238,2006
COLALAO DEL VALLE,TAFI DEL VALLE,440,2007
COLAN CONHUE,LANGUIÑEO,147,2008
COLAN CONUE,25 DE MAYO,332,2009
COLAZO,RIO SEGUNDO,187,2010
COLOMBRES,CRUZ ALTA,436,2011
COLON,COLON,2,2012
COLONIA 25 DE MAYO,PUELEN,262,2013
COLONIA ABORIGEN,25 DE MAYO,332,2014
COLONIA ADIVINO,VILLAGUAY,225,2015
COLONIA ALBERDI,OBERA,308,2016
COLONIA ALDAO,CASTELLANOS,390,2017
COLONIA ALEMANA,FEDERACION,219,2018
COLONIA ALMADA,TERCERO ARRIBA,190,2019
COLONIA ALPINA,RIVADAVIA,350,2020
COLONIA ANA,SAN CRISTOBAL,393,2021
COLONIA ANITA,SAN JUSTO,401,2022
COLONIA AURORA,25 DE MAYO,332,2023
COLONIA AVELLANEDA,PARANA,229,2024
COLONIA AVIGDOR,LA PAZ,221,2025
COLONIA AYUI,CONCORDIA,233,2026
COLONIA BARGE,MARCOS JUAREZ,183,2027
COLONIA BARON,QUEMU QUEMU,266,2028
COLONIA BAYLINA,SAN SALVADOR,230,2029
COLONIA BELGRANO,SAN MARTIN,396,2030
COLONIA BENITEZ,1° DE MAYO,139,2031
COLONIA BICHA,CASTELLANOS,390,2032
COLONIA BIGAND,CASTELLANOS,390,2033
COLONIA BISMARCK,UNION,178,2034
COLONIA BOSSI,SAN CRISTOBAL,393,2035
COLONIA BREMEN,UNION,178,2036
COLONIA CARLOS PELLEGRINI,SAN MARTIN,396,2037
COLONIA CAROYA,COLON,2,2038
COLONIA CARRASCO,LA PAZ,221,2039
COLONIA CELINA,PARANA,229,2040
COLONIA CELLO,CASTELLANOS,390,2041
COLONIA CRESPO,PARANA,229,2042
COLONIA DELICIA,ELDORADO,310,2043
COLONIA DOLORES,SAN JUSTO,401,2044
COLONIA DORA,AVELLANEDA,419,2045
COLONIA DURAN,SAN JAVIER,398,2046
COLONIA EL SIMBOLAR,ROBLES,417,2047
COLONIA ELIA,URUGUAY,231,2048
COLONIA ELISA,SARGENTO CABRAL,134,2049
COLONIA ENSAYO,DIAMANTE,224,2050
COLONIA GENERAL ROCA,CONCORDIA,233,2051
COLONIA ITALIANA,MARCOS JUAREZ,183,2052
COLONIA ITURRASPE,CASTELLANOS,390,2053
COLONIA LAS CUATRO ESQUINAS,RIO PRIMERO,185,2054
COLONIA LAS PICHANAS,SAN JUSTO,401,2055
COLONIA LIBERTAD,MONTE CASEROS,211,2056
COLONIA LIEBIG S,ITUZAINGO,203,2057
COLONIA MARGARITA,CASTELLANOS,390,2058
COLONIA MARINA,SAN JUSTO,401,2059
COLONIA MASCIAS,GARAY,405,2060
COLONIA MEROU,PARANA,229,2061
COLONIA OFICIAL N° 13,LA PAZ,221,2062
COLONIA OFICIAL N° 3 Y 14,LA PAZ,221,2063
COLONIA OFICIAL N° 5,SAN SALVADOR,230,2064
COLONIA PANDO,SAN ROQUE,204,2065
COLONIA PASTORIL,FORMOSA,235,2066
COLONIA POLANA,SAN IGNACIO,307,2067
COLONIA POPULAR,LIBERTAD,136,2068
COLONIA PROSPERIDAD,SAN JUSTO,401,2069
COLONIA RAQUEL,CASTELLANOS,390,2070
COLONIA REFFINO,PARANA,229,2071
COLONIA ROSA,SAN CRISTOBAL,393,2072
COLONIA SAN ANSELMO Y ALEDAÑAS,COLON,2,2073
COLONIA SAN BARTOLOME,SAN JUSTO,401,2074
COLONIA SAN JUAN,FIGUEROA,421,2075
COLONIA SAN JUSTO,CONCORDIA,233,2076
COLONIA SAN PEDRO,SAN JUSTO,401,2077
COLONIA SANTA MARIA,UTRACAN,259,2078
COLONIA SANTA MARIA Y LAS MARGARITAS,FEDERACION,219,2079
COLONIA SANTA ROSA,CONCEPCION,209,2080
COLONIA SANTA TERESA,GUATRACHE,273,2081
COLONIA SARMIENTO,PATIÑO,236,2082
COLONIA TERESA,SAN JAVIER,398,2083
COLONIA TINCO,RIO HONDO,426,2084
COLONIA TIROLESA,COLON,2,2085
COLONIA TUNAS,FEDERACION,219,2086
COLONIA VALTELINA,SAN JUSTO,401,2087
COLONIA VICENTE AG├£ERO,COLON,2,2088
COLONIA VICTORIA,ELDORADO,310,2089
COLONIA VIDELA,RIO SEGUNDO,187,2090
COLONIA VIGNAUD,SAN JUSTO,401,2091
COLONIA VIRARO,LA PAZ,221,2092
COLONIAS UNIDAS,SARGENTO CABRAL,134,2093
COMALLO,PILCANIYEU,334,2094
COMANDANTE FONTANA,PATIÑO,236,2095
COMANDANTE LUIS PIEDRA BUENA,CORPEN AIKE,386,2096
COMECHINGONES,RIO PRIMERO,185,2097
COMICO,9 DE JULIO,404,2098
COMODORO RIVADAVIA,ESCALANTE,154,2099
COMUNA 1,COMUNA 1,173,2100
COMUNA 10,COMUNA 10,168,2101
COMUNA 11,COMUNA 11,166,2102
COMUNA 12,COMUNA 12,165,2103
COMUNA 13,COMUNA 13,169,2104
COMUNA 14,COMUNA 14,167,2105
COMUNA 15,COMUNA 15,172,2106
COMUNA 2,COMUNA 2,170,2107
COMUNA 3,COMUNA 3,163,2108
COMUNA 4,COMUNA 4,175,2109
COMUNA 5,COMUNA 5,171,2110
COMUNA 6,COMUNA 6,162,2111
COMUNA 7,COMUNA 7,164,2112
COMUNA 8,COMUNA 8,174,2113
COMUNA 9,COMUNA 9,161,2114
CONA NIYEU,9 DE JULIO,404,2115
CONCARAN,CHACABUCO,378,2116
CONCEPCION,CHICLIGASTA,437,2117
CONCEPCION DE LA SIERRA,CONCEPCION,209,2118
CONCEPCION DEL BERMEJO,ALMIRANTE BROWN,5,2119
CONCEPCION DEL URUGUAY,URUGUAY,231,2120
CONCEPCION DEL YAGUARETE CORA,CONCEPCION,209,2121
CONCORDIA,CONCORDIA,233,2122
CONHELO,CONHELO,263,2123
CONLARA,SAN JAVIER,398,2124
CONSCRIPTO BERNARDI,FEDERAL,222,2125
CONSTANZA,SAN CRISTOBAL,393,2126
CONTRALMIRANTE CORDERO,GENERAL ROCA,188,2127
COPACABANA,ISCHILIN,176,2128
CORANZULI,SUSQUES,253,2129
CORCOVADO,FUTALEUFU,151,2130
CORDOBA,CAPITAL,413,2131
CORONDA,SAN JERONIMO,399,2132
CORONEL ARNOLD,SAN LORENZO,406,2133
CORONEL BAIGORRIA,RIO CUARTO,193,2134
CORONEL BELISLE,AVELLANEDA,419,2135
CORONEL BOGADO,ROSARIO,392,2136
CORONEL DE MARINA L ROSALES,CORONEL DE MARINA L ROSALES,71,2137
CORONEL DOMINGUEZ,ROSARIO,392,2138
CORONEL DORREGO,CORONEL DORREGO,31,2139
CORONEL DU GRATY,MAYOR LUIS J FONTANA,132,2140
CORONEL FELIPE VARELA,CORONEL FELIPE VARELA,289,2141
CORONEL FRAGA,CASTELLANOS,390,2142
CORONEL HILARIO LAGOS,CHAPALEUFU,267,2143
CORONEL MOLDES,RIO CUARTO,193,2144
CORONEL PRINGLES,CORONEL PRINGLES,375,2145
CORONEL SUAREZ,CORONEL SUAREZ,109,2146
CORPUS,SAN IGNACIO,307,2147
CORRAL DE BUSTOS,MARCOS JUAREZ,183,2148
CORRAL QUEMADO,BELEN,117,2149
CORRALITO,TERCERO ARRIBA,190,2150
CORREA,IRIONDO,389,2151
CORRIENTES,CAPITAL,413,2152
CORTADERAS,CHACABUCO,378,2153
CORZUELA,GENERAL BELGRANO,131,2154
COSQUIN,PUNILLA,186,2155
COSTA GRANDE,DIAMANTE,224,2156
COSTA SACATE,RIO SEGUNDO,187,2157
COSTA URUGUAY NORTE,GUALEGUAYCHU,223,2158
COSTA URUGUAY SUR,GUALEGUAYCHU,223,2159
COTE LAI,TAPENAGA,143,2160
COVUNCO ABAJO,ZAPALA,329,2161
COYUCO COCHICO,CHOS MALAL,319,2162
CRESPO,PARANA,229,2163
CRISPI,SAN MARTIN,396,2164
CRUCESITAS OCTAVA,NOGOYA,228,2165
CRUCESITAS TERCERA,NOGOYA,228,2166
CRUZ ALTA,MARCOS JUAREZ,183,2167
CRUZ DE CAÑA,CRUZ DEL EJE,194,2168
CRUZ DE LOS MILAGROS,LAVALLE,198,2169
CRUZ DEL EJE,CRUZ DEL EJE,194,2170
CUATRO BOCAS,BELGRANO,403,2171
CUBANEA,ADOLFO ALSINA,335,2172
CUCHILLA REDONDA,GUALEGUAYCHU,223,2173
CUCHILLO CO,LIHUEL CALEL,272,2174
CUESTA BLANCA,PUNILLA,186,2175
CULULU,LAS COLONIAS,394,2176
CURTIEMBRE,PARANA,229,2177
CURUPAITY,SAN CRISTOBAL,393,2178
CURUZU CUATIA,CURUZU CUATIA,205,2179
CUSHAMEN,CUSHAMEN,150,2180
CUSI CUSI,SANTA CATALINA,250,2181
CUTRAL CO,CONFLUENCIA,316,2182
DAIREAUX,DAIREAUX,91,2183
DALMACIO VELEZ,TERCERO ARRIBA,190,2184
DARWIN,AVELLANEDA,419,2185
DEAN FUNES,ISCHILIN,176,2186
DEL CAMPILLO,GENERAL ROCA,188,2187
DELFIN GALLO,CRUZ ALTA,436,2188
DESAGUADERO,JUAN MARTÍN DE PUEYRREDÓN,379,2189
DESPEÑADEROS,SANTA MARÍA,184,2190
DESVIO ARIJON,SAN JERONIMO,399,2191
DEVOTO,SAN JUSTO,401,2192
DIAMANTE,DIAMANTE,224,2193
DIAZ,SAN JERONIMO,399,2194
DIEGO DE ALVEAR,GENERAL LOPEZ,395,2195
DIEGO DE ROJAS,RIO PRIMERO,185,2196
DINA HUAPI,PILCANIYEU,334,2197
DIQUE CHICO,SANTA MARÍA,184,2198
DIQUE FLORENTINO AMEGHINO,GAIMAN,149,2199
DISTRITO CHAÑAR,FELICIANO,226,2200
DISTRITO CHIQUEROS,NOGOYA,228,2201
DISTRITO DIEGO LOPEZ,FEDERAL,222,2202
DISTRITO PRIMERO (PRIMER DISTRITO CUCHILLA),GUALEGUAY,220,2203
DISTRITO SEXTO COSTA DE NOGOYA,GUALEGUAY,220,2204
DISTRITO TALA,PARANA,229,2205
DISTRITO TALITAS,GUALEGUAYCHU,223,2206
DOBLAS,ATREUCO,274,2207
DOCTOR RICARDO ROJAS,RIO SENGUER,148,2208
DOLAVON,GAIMAN,149,2209
DOLORES,DOLORES,98,2210
DON CRISTOBAL PRIMERO,NOGOYA,228,2211
DON CRISTOBAL SEGUNDO,NOGOYA,228,2212
DONADEU,ALBERDI,410,2213
DOÑA LUISA,GUASAYAN,411,2214
DORILA,MARACO,270,2215
DOS ARROYOS,LEANDRO N. ALEM,311,2216
DOS DE MAYO,CAINGUAS,305,2217
DOS ROSAS Y LA LEGUA,SAN CRISTOBAL,393,2218
DURAZNO,TALA,234,2219
EDUARDO CASTEX,CONHELO,263,2220
EGUSQUIZA,CASTELLANOS,390,2221
EL AGUILAR,HUMAHUACA,254,2222
EL AIBE,BANDA,412,2223
EL ALCAZAR,LIBERTADOR GENERAL SAN MARTÍN,374,2224
EL ALTO,EL ALTO,121,2225
EL ARAÑADO,SAN JUSTO,401,2226
EL ARAZA,GENERAL OBLIGADO,397,2227
EL ARENAL,JIMENEZ,423,2228
EL BOBADAL,JIMENEZ,423,2229
EL BOLSON,BARILOCHE,338,2230
EL BORDO,GENERAL GUEMES,133,2231
EL BRACHO Y EL CEVILAR,CRUZ ALTA,436,2232
EL BRETE,CRUZ DEL EJE,194,2233
EL CABURE,COPO,414,2234
EL CADILLAL,TAFI VIEJO,445,2235
EL CAIN,25 DE MAYO,332,2236
EL CALAFATE,LAGO ARGENTINO,381,2237
EL CARMEN,EL CARMEN,248,2238
EL CARMEN - ESTACION RACEDO,DIAMANTE,224,2239
EL CARRIL,CHICOANA,349,2240
EL CERCADO,MONTEROS,439,2241
EL CHACHO,MINAS,177,2242
EL CHALTEN,LAGO ARGENTINO,381,2243
EL CHAÑAR,BURRUYACU,443,2244
EL CHARCO,JIMENEZ,423,2245
EL CHOLAR,ÑORQUIN,327,2246
EL CIMARRON,FEDERAL,222,2247
EL COLORADO,PIRANE,239,2248
EL CONDOR,YAVI,255,2249
EL CRISPIN,RIO PRIMERO,185,2250
EL CRUCE,FIGUEROA,421,2251
EL CUADRADO,JUAN F IBARRA,415,2252
EL CUY,EL CUY,331,2253
EL DEAN,CAPITAL,413,2254
EL ESPINILLO,GENERAL GUEMES,133,2255
EL FORTIN,SAN JUSTO,401,2256
EL FUERTE,SANTA BARBARA,249,2257
EL GALPON,METAN,343,2258
EL GATO - LOMA LIMPIA,FEDERAL,222,2259
EL GRAMIYAL,FEDERAL,222,2260
EL HOYO,CUSHAMEN,150,2261
EL HUECU,ÑORQUIN,327,2262
EL JARDIN,LA CANDELARIA,344,2263
EL MAITEN,CUSHAMEN,150,2264
EL MANANTIAL,LULES,442,2265
EL MANSO,BARILOCHE,338,2266
EL MANZANO,COLON,2,2267
EL MOJON,LEALES,441,2268
EL MOLLAR,TAFI DEL VALLE,440,2269
EL NARANJITO,CRUZ ALTA,436,2270
EL NARANJO Y EL SUNCHAL,BURRUYACU,443,2271
EL PALENQUE,PARANA,229,2272
EL PINGO,PARANA,229,2273
EL PIQUETE,SANTA BARBARA,249,2274
EL POLEAR,RIO CHICO,444,2275
EL POTRERO,ROSARIO DE LA FRONTERA,357,2276
EL POTRILLO,RAMON LISTA,243,2277
EL PUESTITO,BURRUYACU,443,2278
EL QUEBRACHAL,ANTA,347,2279
EL QUEBRACHO,LA PAZ,221,2280
EL RABON,GENERAL OBLIGADO,397,2281
EL RASTREADOR,JUAREZ CELMAN,191,2282
EL RECREO,PATIÑO,236,2283
EL REDOMON,CONCORDIA,233,2284
EL RODEO,AMBATO,118,2285
EL SACRIFICIO,LA COCHA,447,2286
EL SAUCE,PICUN LEUFU,321,2287
EL SAUZAL,RIO HONDO,426,2288
EL SAUZALITO,GENERAL GUEMES,133,2289
EL SOBERBIO,GUARANI,313,2290
"EL SOLAR, SAN CARLOS Y COLONIA BERTOZZI",LA PAZ,221,2291
EL SOMBRERITO,GENERAL OBLIGADO,397,2292
EL SOMBRERO,EMPEDRADO,199,2293
EL TALA,LA CANDELARIA,344,2294
EL TALAR,SANTA BARBARA,249,2295
EL TIMBO,BURRUYACU,443,2296
EL TIO,SAN JUSTO,401,2297
EL TRAPICHE,CORONEL PRINGLES,375,2298
EL TREBOL,SAN MARTIN,396,2299
EL TURBIO,GUER AIKE,384,2300
EL VOLCAN,JUAN MARTÍN DE PUEYRREDÓN,379,2301
ELDORADO,ELDORADO,310,2302
ELENA,RIO CUARTO,193,2303
ELISA,LAS COLONIAS,394,2304
ELORTONDO,GENERAL LOPEZ,395,2305
EMBAJADOR MARTINI,REALICO,260,2306
EMBALSE,CALAMUCHITA,179,2307
EMBARCACION,GENERAL JOSE DE SAN MARTÍN,348,2308
EMILIA,LA CAPITAL,402,2309
EMPALME SAN CARLOS,LAS COLONIAS,394,2310
EMPALME VILLA CONSTITUCION,CONSTITUCION,388,2311
EMPEDRADO,EMPEDRADO,199,2312
ENRIQUE CARBO,GUALEGUAYCHU,223,2313
ENRIQUE URIEN,MAYOR LUIS J FONTANA,132,2314
ENSENADA,ENSENADA,32,2315
EPUYEN,CUSHAMEN,150,2316
ESCABA,JUAN B ALBERDI,448,2317
ESCOBAR,ESCOBAR,75,2318
ESMERALDA,CASTELLANOS,390,2319
ESPERANZA,LAS COLONIAS,394,2320
ESPINILLO NORTE,PARANA,229,2321
ESQUEL,FUTALEUFU,151,2322
ESQUINA,ESQUINA,214,2323
ESQUINA Y MANCOPA,LEALES,441,2324
ESTACION ARAOZ Y TACANAS,LEALES,441,2325
ESTACION ATAMISQUI,ATAMISQUI,418,2326
ESTACION CAMPS,DIAMANTE,224,2327
ESTACION CLUCELLAS,CASTELLANOS,390,2328
ESTACION ESCRIÑA,GUALEGUAYCHU,223,2329
ESTACION GENERAL PAZ,COLON,2,2330
ESTACION JUAREZ CELMAN,COLON,2,2331
ESTACION LAZO,GUALEGUAY,220,2332
ESTACION LIBAROS,URUGUAY,231,2333
ESTACION RAICES,VILLAGUAY,225,2334
ESTACION ROBLES,SAN MARTIN,396,2335
ESTACION SIMBOLAR,BANDA,412,2336
ESTACION TORRENT,GENERAL ALVEAR,207,2337
ESTACION YERUA,CONCORDIA,233,2338
ESTACION YUQUERI,CONCORDIA,233,2339
ESTANCIA DE GUADALUPE,MINAS,177,2340
ESTANCIA GRANDE,CORONEL PRINGLES,375,2341
ESTANCIA VIEJA,PUNILLA,186,2342
ESTANISLAO DEL CAMPO,PATIÑO,236,2343
ESTAQUITAS,LA PAZ,221,2344
ESTEBAN ECHEVERRIA,ESTEBAN ECHEVERRIA,11,2345
ESTEBAN RAMS,9 DE JULIO,404,2346
ESTHER,SAN JUSTO,401,2347
ETRURIA,GENERAL SAN MARTIN,182,2348
EUFRASIO LOZA,RIO SECO,180,2349
EUSEBIA Y CAROLINA,CASTELLANOS,390,2350
EUSTOLIA,CASTELLANOS,390,2351
EXALTACION DE LA CRUZ,EXALTACIÓN DE LA CRUZ,78,2352
EZEIZA,EZEIZA,37,2353
FACHINAL,CAPITAL,413,2354
FACUNDO,RIO SENGUER,148,2355
FALDA DEL CARMEN,SANTA MARÍA,184,2356
FALUCHO,REALICO,260,2357
FAMAILLA,FAMAILLA,451,2358
FAMATINA,FAMATINA,287,2359
FAUSTINO M PARERA,GUALEGUAYCHU,223,2360
FEDERACION,FEDERACION,219,2361
FEDERAL,FEDERAL,222,2362
FELICIA,LAS COLONIAS,394,2363
FELIPE YOFRE,MERCEDES,56,2364
FERNANDEZ,ROBLES,417,2365
FIAMBALA,TINOGASTA,127,2366
FIDELA,CASTELLANOS,390,2367
FIGHIERA,ROSARIO,392,2368
FIRMAT,GENERAL LOPEZ,395,2369
FLORENCIA,GENERAL OBLIGADO,397,2370
FLORENCIO VARELA,FLORENCIO VARELA,112,2371
FLORENTINO AMEGHINO,FLORENTINO AMEGHINO,156,2372
FONTANA,SAN FERNANDO,135,2373
FORMOSA,FORMOSA,235,2374
FORRES,ROBLES,417,2375
FORTIN CABO 1°  LUGONES,PATIÑO,236,2376
FORTIN EL PATRIA,GOBERNADOR DUPUY,380,2377
FORTIN INCA,BELGRANO,403,2378
FORTIN OLMOS,VERA,400,2379
FORTIN SARGENTO 1° LEYES,PATIÑO,236,2380
FORTUNA,GOBERNADOR DUPUY,380,2381
FRAGA,CORONEL PRINGLES,375,2382
FRAILE PINTADO,LEDESMA,247,2383
FRANCK,LAS COLONIAS,394,2384
FRAY LUIS BELTRAN,SAN LORENZO,406,2385
FRAY MAMERTO ESQUIU,FRAY MAMERTO ESQUIU,116,2386
FREYRE,SAN JUSTO,401,2387
FRIAS,CHOYA,428,2388
FRONTERA,CASTELLANOS,390,2389
FUENTES,SAN LORENZO,406,2390
FUERTE ESPERANZA,GENERAL GUEMES,133,2391
FUNES,ROSARIO,392,2392
GABOTO,SAN JERONIMO,399,2393
GAIMAN,GAIMAN,149,2394
GALISTEO,CASTELLANOS,390,2395
GALVEZ,SAN JERONIMO,399,2396
GAN GAN,TELSEN,157,2397
GANCEDO,12 DE OCTUBRE,130,2398
GARABATO,VERA,400,2399
GARAVI,SANTO TOME,215,2400
GARIBALDI,CASTELLANOS,390,2401
GARMENDIA,BURRUYACU,443,2402
GARRUCHOS,SANTO TOME,215,2403
GARUHAPE,LIBERTADOR GENERAL SAN MARTÍN,374,2404
GARUPA,CAPITAL,413,2405
GARZA,SARMIENTO,408,2406
GASTONA Y BELICHA,CHICLIGASTA,437,2407
GASTRE,GASTRE,160,2408
GATO COLORADO,9 DE JULIO,404,2409
GENERAL ACHA,UTRACAN,259,2410
GENERAL ALMADA,GUALEGUAYCHU,223,2411
GENERAL ALVARADO,GENERAL ALVARADO,36,2412
GENERAL ALVEAR,GENERAL ALVEAR,207,2413
GENERAL ANGEL V PEÑALOZA,GENERAL ÁNGEL VERA PEÑALOZA,293,2414
GENERAL ARENALES,GENERAL ARENALES,99,2415
GENERAL BALDISSERA,MARCOS JUAREZ,183,2416
GENERAL BALLIVIAN,GENERAL JOSE DE SAN MARTÍN,348,2417
GENERAL BELGRANO,GENERAL BELGRANO,131,2418
GENERAL CABRERA,JUAREZ CELMAN,191,2419
GENERAL CAMPOS,SAN SALVADOR,230,2420
GENERAL CAPDEVILA,12 DE OCTUBRE,130,2421
GENERAL CONESA,CONESA,340,2422
GENERAL DEHEZA,JUAREZ CELMAN,191,2423
GENERAL ENRIQUE GODOY,GENERAL ROCA,188,2424
GENERAL FERNANDEZ ORO,GENERAL ROCA,188,2425
GENERAL FOTHERINGHAM,TERCERO ARRIBA,190,2426
GENERAL GALARZA,GUALEGUAY,220,2427
GENERAL GELLY,CONSTITUCION,388,2428
GENERAL GUEMES,GENERAL GUEMES,133,2429
GENERAL GUIDO,GENERAL GUIDO,24,2430
GENERAL JUAN F QUIROGA,GENERAL JUAN F QUIROGA,290,2431
GENERAL JUAN MADARIAGA,GENERAL JUAN MADARIAGA,21,2432
GENERAL LA MADRID,GENERAL LA MADRID,108,2433
GENERAL LAGOS,ROSARIO,392,2434
GENERAL LAMADRID,GENERAL LAMADRID,288,2435
GENERAL LAS HERAS,GENERAL LAS HERAS,100,2436
GENERAL LAVALLE,GENERAL LAVALLE,90,2437
GENERAL LEVALLE,PRESIDENTE ROQUE SAENZ PEÑA,197,2438
GENERAL LUCIO V MANSILLA,LAISHI,241,2439
GENERAL MOSCONI,GENERAL JOSE DE SAN MARTÍN,348,2440
GENERAL OCAMPO,GENERAL OCAMPO,282,2441
GENERAL PAZ,GENERAL PAZ,210,2442
GENERAL PICO,MARACO,270,2443
GENERAL PINEDO,12 DE OCTUBRE,130,2444
GENERAL PINTO,GENERAL PINTO,19,2445
GENERAL PIZARRO,ANTA,347,2446
GENERAL PUEYRREDON,GENERAL PUEYRREDON,17,2447
GENERAL RAMIREZ,DIAMANTE,224,2448
GENERAL ROCA,MARCOS JUAREZ,183,2449
GENERAL RODRIGUEZ,GENERAL RODRIGUEZ,62,2450
GENERAL SAN MARTIN,HUCAL,268,2451
GENERAL URQUIZA,SAN IGNACIO,307,2452
GENERAL VEDIA,BERMEJO,237,2453
GENERAL VIAMONTE,GENERAL VIAMONTE,101,2454
GENERAL VILLEGAS,GENERAL VILLEGAS,10,2455
GESSLER,SAN JERONIMO,399,2456
GILBERT,GUALEGUAYCHU,223,2457
GOBERNADOR COSTA,TEHUELCHES,153,2458
GOBERNADOR CRESPO,SAN JUSTO,401,2459
GOBERNADOR DUVAL,CURACO,258,2460
GOBERNADOR ECHAGUE,TALA,234,2461
GOBERNADOR FEBRE,NOGOYA,228,2462
GOBERNADOR GREGORES,RÍO CHICO,385,2463
GOBERNADOR LOPEZ,LEANDRO N. ALEM,311,2464
GOBERNADOR MANSILLA,TALA,234,2465
GOBERNADOR MARTINEZ,LAVALLE,198,2466
GOBERNADOR ROCA,SAN IGNACIO,307,2467
GOBERNADOR SOLA,TALA,234,2468
GOBERNADOR VIRASORO,SANTO TOME,215,2469
GODEKEN,CASEROS,391,2470
GODOY,CONSTITUCION,388,2471
GODOY CRUZ,GODOY CRUZ,299,2472
GOLONDRINA,VERA,400,2473
GONZALEZ CALDERON,GUALEGUAY,220,2474
GOYA,GOYA,200,2475
GRAMILLA,JIMENEZ,423,2476
GRAN GUARDIA,FORMOSA,235,2477
GRANADERO BAIGORRIA,ROSARIO,392,2478
GRANEROS,GRANEROS,450,2479
GREGORIA PEREZ DE DENIS,9 DE JULIO,404,2480
GRUTLY,LAS COLONIAS,394,2481
GUACHIPAS,GUACHIPAS,356,2482
GUADALUPE NORTE,GENERAL OBLIGADO,397,2483
GUALEGUAY,GUALEGUAY,220,2484
GUALEGUAYCHU,GUALEGUAYCHU,223,2485
GUALEGUAYCITO,FEDERACION,219,2486
GUALJAINA,CUSHAMEN,150,2487
GUAMINI,GUAMINI,16,2488
GUAMPACHA,GUASAYAN,411,2489
GUANACO MUERTO,CRUZ DEL EJE,194,2490
GUAÑACOS,MINAS,177,2491
GUARANI,OBERA,308,2492
GUARDAMONTE,TALA,234,2493
GUARDIA ESCOLTA,BELGRANO,403,2494
GUARDIA MITRE,ADOLFO ALSINA,335,2495
GUASAPAMPA,MINAS,177,2496
GUATIMOZIN,MARCOS JUAREZ,183,2497
GUATRACHE,GUATRACHE,273,2498
GUAVIRAVI,SAN MARTIN,396,2499
GUAYMALLEN,GUAYMALLEN,298,2500
GUTEMBERG,RIO SECO,180,2501
HAMBIS,COLON,2,2502
HARDY,GENERAL OBLIGADO,397,2503
HASENKAMP,PARANA,229,2504
HELVECIA,GARAY,405,2505
HERLITZKA,SAN LUIS DEL PALMAR,206,2506
HERMOSO CAMPO,2 DE ABRIL,141,2507
HERNANDARIAS,PARANA,229,2508
HERNANDEZ,NOGOYA,228,2509
HERNANDO,TERCERO ARRIBA,190,2510
HERRADURA,LAISHI,241,2511
HERRERA,AVELLANEDA,419,2512
HERSILIA,SAN CRISTOBAL,393,2513
HINOJAL,VICTORIA,232,2514
HIPATIA,LAS COLONIAS,394,2515
HIPOLITO YRIGOYEN,HIPOLITO YRIGOYEN,52,2516
HOCKER,COLON,2,2517
HOYON,ATAMISQUI,418,2518
HUACALERA,TILCARA,245,2519
HUACHANA,ALBERDI,410,2520
HUALFIN,BELEN,117,2521
HUANCHILLA,JUAREZ CELMAN,191,2522
HUANQUEROS,SAN CRISTOBAL,393,2523
HUASA PAMPA,LA COCHA,447,2524
HUERTA GRANDE,PUNILLA,186,2525
HUGENTOBLER,CASTELLANOS,390,2526
HUGHES,GENERAL LOPEZ,395,2527
HUILLAPIMA,CAPAYAN,123,2528
HUINCA RENANCO,GENERAL ROCA,188,2529
HUINGANCO,MINAS,177,2530
HUMAHUACA,HUMAHUACA,254,2531
HUMBERTO PRIMO,CASTELLANOS,390,2532
HUMBOLDT,LAS COLONIAS,394,2533
HURLINGHAM,HURLINGHAM,1,2534
IBARLUCEA,ROSARIO,392,2535
IBARRETA,PATIÑO,236,2536
IBICUY,ISLAS DEL IBICUY,227,2537
ICAÑO,LA PAZ,221,2538
IDIAZABAL,UNION,178,2539
IGLESIA,IGLESIA,367,2540
IMPIRA,RIO SEGUNDO,187,2541
INDEPENDENCIA,INDEPENDENCIA,140,2542
INGENIERO CHANOURDIE,GENERAL OBLIGADO,397,2543
INGENIERO GUILLERMO NICASIO JUAREZ,MATACOS,242,2544
INGENIERO HUERGO,GENERAL ROCA,188,2545
INGENIERO JACOBACCI,25 DE MAYO,332,2546
INGENIERO LUIGGI,REALICO,260,2547
INGENIERO SAJAROFF,VILLAGUAY,225,2548
INRIVILLE,MARCOS JUAREZ,183,2549
INTENDENTE ALVEAR,CHAPALEUFU,267,2550
INTIYACO,VERA,400,2551
IRAZUSTA,GUALEGUAYCHU,223,2552
IRIGOYEN,SAN JERONIMO,399,2553
IRUYA,IRUYA,355,2554
ISLA DE CAÑAS,IRUYA,355,2555
ISLA DEL CERRITO,BERMEJO,237,2556
ISLA VERDE,MARCOS JUAREZ,183,2557
ISLAS LAS LECHIGUANAS,GUALEGUAY,220,2558
ISLETAS,DIAMANTE,224,2559
ITA IBATE,GENERAL PAZ,210,2560
ITACARUARE,SAN JAVIER,398,2561
ITALO,GENERAL ROCA,188,2562
ITATI,ITATI,212,2563
ITUZAINGO,LAS COLONIAS,394,2564
JACHAL,JACHAL,362,2565
JACINTO ARAUZ,HUCAL,268,2566
JACINTO L,LAS COLONIAS,394,2567
JAMES CRAIK,TERCERO ARRIBA,190,2568
JARAMILLO - FITZ ROY,DESEADO,382,2569
JARDIN AMERICA,SAN IGNACIO,307,2570
JESUS MARIA,COLON,2,2571
JOAQUIN V GONZALEZ,ANTA,347,2572
JOSE C PAZ,JOSE C PAZ,6,2573
JOSE DE SAN MARTIN,TEHUELCHES,153,2574
JOSEFINA,CASTELLANOS,390,2575
JOVITA,GENERAL ROCA,188,2576
JUAN B MOLINA,CONSTITUCION,388,2577
JUAN BAUTISTA ALBERDI,JUAN B ALBERDI,448,2578
JUAN DE GARAY,9 DE JULIO,404,2579
JUAN G BAZAN,PATIÑO,236,2580
JUAN JORBA,GENERAL PEDERNERA,373,2581
JUAN JOSE CASTELLI,GENERAL GUEMES,133,2582
JUAN LLERENA,CORONEL PRINGLES,375,2583
JUAN PUJOL,MONTE CASEROS,211,2584
JUANA KOSLAY,JUAN MARTÍN DE PUEYRREDÓN,379,2585
JUANILLO,ATAMISQUI,418,2586
JUBILEO,VILLAGUAY,225,2587
JULIA DUFOUR,GUER AIKE,384,2588
JUNCAL,CONSTITUCION,388,2589
JUNIN,JUNIN,376,2590
JUNIN DE LOS ANDES,HUILICHES,330,2591
JUSTINIANO POSSE,UNION,178,2592
JUSTO DARACT,GENERAL PEDERNERA,373,2593
KILOMETRO 49,OJO DE AGUA,425,2594
KILOMETRO 658,RIO PRIMERO,185,2595
LA ADELA,CALEU CALEU,275,2596
LA AURORA,BANDA,412,2597
LA BANDA,BANDA,412,2598
LA BATEA,CRUZ DEL EJE,194,2599
LA BRAVA,SAN JAVIER,398,2600
LA CABRAL,SAN CRISTOBAL,393,2601
LA CALDERA,LA CALDERA,341,2602
LA CALERA,COLON,2,2603
LA CAMILA,SAN JUSTO,401,2604
LA CANDELARIA,LA CANDELARIA,344,2605
LA CAÑADA,FIGUEROA,421,2606
LA CARLOTA,JUAREZ CELMAN,191,2607
LA CAROLINA EL POTOSI,RIO CUARTO,193,2608
LA CAUTIVA,RIO CUARTO,193,2609
LA CESIRA,PRESIDENTE ROQUE SAENZ PEÑA,197,2610
LA CHISPA,GENERAL LOPEZ,395,2611
LA CLARITA,COLON,2,2612
LA CLOTILDE,O HIGGINS,137,2613
LA COCHA,LA COCHA,447,2614
LA COSTA,LA COSTA,83,2615
LA CRIOLLA,SAN JUSTO,401,2616
LA CRUZ,CALAMUCHITA,179,2617
LA CUMBRE,PUNILLA,186,2618
LA CUMBRECITA,CALAMUCHITA,179,2619
LA EDUVIGIS,LIBERTADOR GENERAL SAN MARTÍN,374,2620
LA ESCONDIDA,GENERAL DONOVAN,129,2621
LA ESMERALDA,FELICIANO,226,2622
LA ESPERANZA,SAN PEDRO,304,2623
LA FALDA,PUNILLA,186,2624
LA FLORIDA,FEDERACION,219,2625
LA FLORIDA Y LUISIANA,CRUZ ALTA,436,2626
LA FRANCIA,SAN JUSTO,401,2627
LA FRATERNIDAD Y SANTA JUANA,FEDERACION,219,2628
LA GALLARETA,VERA,400,2629
LA GRANJA,COLON,2,2630
LA HIERRA,FELICIANO,226,2631
LA HIGUERA,CRUZ DEL EJE,194,2632
LA HUMADA,CHICAL CO,276,2633
LA INVERNADA,FIGUEROA,421,2634
LA LAGUNA,GENERAL SAN MARTIN,182,2635
LA LEONESA,BERMEJO,237,2636
LA LUCILA,SAN CRISTOBAL,393,2637
LA MARUJA,RANCUL,264,2638
LA MATANZA,LA MATANZA,93,2639
LA MENDIETA,SAN PEDRO,304,2640
LA MERCED,CERRILLOS,353,2641
LA NENA - LA SIMONA,GENERAL TABOADA,422,2642
LA NORIA,LORETO,420,2643
LA OLLITA,TALA,234,2644
LA PAISANITA,SANTA MARÍA,184,2645
LA PALESTINA,GENERAL SAN MARTIN,182,2646
LA PAMPA,TOTORAL,189,2647
LA PAQUITA,SAN JUSTO,401,2648
LA PARA,RIO PRIMERO,185,2649
LA PAZ,LA PAZ,221,2650
LA PELADA,LAS COLONIAS,394,2651
LA PENCA Y CARAGUATA,SAN JUSTO,401,2652
LA PICADA,PARANA,229,2653
LA PLATA,LA PLATA,105,2654
LA PLAYA,MINAS,177,2655
LA PLAYOSA,GENERAL SAN MARTIN,182,2656
LA POBLACION,SAN JAVIER,398,2657
LA POMA,LA POMA,351,2658
LA POSTA,RIO PRIMERO,185,2659
LA PROVIDENCIA,LA PAZ,221,2660
LA PUERTA,RIO PRIMERO,185,2661
LA PUNILLA,GENERAL PEDERNERA,373,2662
LA PUNTA,JUAN MARTÍN DE PUEYRREDÓN,379,2663
LA QUIACA,YAVI,255,2664
LA QUINTA,RIO PRIMERO,185,2665
LA RAMADA Y LA CRUZ,BURRUYACU,443,2666
LA RANCHERITA,SANTA MARÍA,184,2667
LA REFORMA,LIMAY MAHUIDA,265,2668
LA RINCONADA,RIO SECO,180,2669
LA RUBIA,SAN CRISTOBAL,393,2670
LA SARITA,GENERAL OBLIGADO,397,2671
LA SERRANITA,SANTA MARÍA,184,2672
LA TIGRA,O HIGGINS,137,2673
LA TOMA,CORONEL PRINGLES,375,2674
LA TORDILLA,SAN JUSTO,401,2675
LA TRINIDAD,CHICLIGASTA,437,2676
LA VANGUARDIA,CONSTITUCION,388,2677
LA VERBENA,FELICIANO,226,2678
LA VERDE,GENERAL DONOVAN,129,2679
LA VERTIENTE,LIBERTADOR GENERAL SAN MARTÍN,374,2680
LA VIÑA,LA VIÑA,359,2681
LABORDE,UNION,178,2682
LABORDEBOY,GENERAL LOPEZ,395,2683
LABOULAYE,PRESIDENTE ROQUE SAENZ PEÑA,197,2684
LAFINUR,JUNIN,376,2685
LAGO BLANCO,RIO SENGUER,148,2686
LAGO POSADAS,RÍO CHICO,385,2687
LAGO PUELO,CUSHAMEN,150,2688
LAGUNA BENITEZ,FELICIANO,226,2689
LAGUNA BLANCA,LIBERTAD,136,2690
LAGUNA DEL PESCADO,VICTORIA,232,2691
LAGUNA GALLO,PILAGAS,240,2692
LAGUNA LARGA,RIO SEGUNDO,187,2693
LAGUNA LIMPIA,LIBERTADOR GENERAL SAN MARTÍN,374,2694
LAGUNA NAICK NECK,PILCOMAYO,238,2695
LAGUNA PAIVA,LA CAPITAL,402,2696
LAGUNA YEMA,BERMEJO,237,2697
LAGUNITA SALADA,GASTRE,160,2698
LAMADRID,GRANEROS,450,2699
LAMARQUE,AVELLANEDA,419,2700
LANDETA,SAN MARTIN,396,2701
LANTERI,GENERAL OBLIGADO,397,2702
LANÚS,LANÚS,54,2703
LAPACHITO,GENERAL DONOVAN,129,2704
LAPRIDA,CHOYA,428,2705
LARRECHEA,SAN JERONIMO,399,2706
LARROQUE,GUALEGUAYCHU,223,2707
LAS ACEQUIAS,RIO CUARTO,193,2708
LAS AGUADAS,LIBERTADOR GENERAL SAN MARTÍN,374,2709
LAS ALBAHACAS,RIO CUARTO,193,2710
LAS ARRIAS,TULUMBA,196,2711
LAS AVISPAS,SAN CRISTOBAL,393,2712
LAS BAJADAS,CALAMUCHITA,179,2713
LAS BANDURRIAS,SAN MARTIN,396,2714
LAS BREÑAS,9 DE JULIO,404,2715
LAS CALERAS,CALAMUCHITA,179,2716
LAS CALLES,SAN ALBERTO,192,2717
LAS CAÑADAS,CRUZ DEL EJE,194,2718
LAS CEJAS,CRUZ ALTA,436,2719
LAS CHACRAS,LIBERTADOR GENERAL SAN MARTÍN,374,2720
LAS COLORADAS,CATAN LIL,317,2721
LAS CUEVAS,DIAMANTE,224,2722
LAS DELICIAS,PELLEGRINI,416,2723
LAS FLORES,LAS FLORES,60,2724
LAS GARCITAS,SARGENTO CABRAL,134,2725
LAS GARZAS,PARANA,229,2726
LAS GRAMILLAS,RIO PRIMERO,185,2727
LAS GRUTAS,SAN ANTONIO,337,2728
LAS GUACHAS,TALA,234,2729
LAS HERAS,DESEADO,382,2730
LAS HIGUERAS,RIO CUARTO,193,2731
LAS ISLETILLAS,TERCERO ARRIBA,190,2732
LAS JUNTAS,AMBATO,118,2733
LAS JUNTURAS,RIO SEGUNDO,187,2734
LAS LAGUNAS,LIBERTADOR GENERAL SAN MARTÍN,374,2735
LAS LAJAS,PICUNCHES,328,2736
LAS LAJITAS,ANTA,347,2737
LAS LOMITAS,PATIÑO,236,2738
LAS MERCEDES,GUALEGUAYCHU,223,2739
LAS MOSCAS,URUGUAY,231,2740
LAS MULITAS,FELICIANO,226,2741
LAS OVEJAS,MINAS,177,2742
LAS PALMAS,POCHO,181,2743
LAS PALMERAS,SAN CRISTOBAL,393,2744
LAS PAREJAS,BELGRANO,403,2745
LAS PEÑAS,TOTORAL,189,2746
LAS PEÑAS SUD,RIO CUARTO,193,2747
LAS PERDICES,TERCERO ARRIBA,190,2748
LAS PETACAS,SAN MARTIN,396,2749
LAS PLAYAS,CRUZ DEL EJE,194,2750
LAS PLUMAS,MARTIRES,159,2751
LAS RABONAS,SAN ALBERTO,192,2752
LAS ROSAS,BELGRANO,403,2753
LAS SALADAS,RIO PRIMERO,185,2754
LAS TALAS,LEALES,441,2755
LAS TALITAS,TAFI VIEJO,445,2756
LAS TAPIAS,SAN JAVIER,398,2757
LAS TINAJAS,MORENO,424,2758
LAS TOSCAS,LA PAZ,221,2759
LAS TUNAS,PARANA,229,2760
LAS VARAS,SAN JUSTO,401,2761
LAS VARILLAS,SAN JUSTO,401,2762
LAS VERTIENTES,RIO CUARTO,193,2763
LAURENCENA,NOGOYA,228,2764
LAVAISSE,GENERAL PEDERNERA,373,2765
LAVALLE,LAVALLE,198,2766
LAZZARINO,GENERAL LOPEZ,395,2767
LEALES,LEALES,441,2768
LEANDRO N ALEM,LEANDRO N. ALEM,311,2769
LEGUIZAMON,PRESIDENTE ROQUE SAENZ PEÑA,197,2770
LEHMANN,CASTELLANOS,390,2771
LEON ROUGES Y STA,MONTEROS,439,2772
LEONES,MARCOS JUAREZ,183,2773
LESCANO,RIO HONDO,426,2774
LEZAMA,LEZAMA,73,2775
LIBERTAD,MORENO,424,2776
LIBERTADOR GENERAL SAN MARTIN,LEDESMA,247,2777
LILO VIEJO - PATAY,MORENO,424,2778
LIMAY MAHUIDA,LIMAY MAHUIDA,265,2779
LINCOLN,LINCOLN,72,2780
LLAMBI CAMPBELL,LA CAPITAL,402,2781
LOBERIA,LOBERIA,9,2782
LOBOS,LOBOS,88,2783
LOGROÑO,9 DE JULIO,404,2784
LOMA ALTA,SAN JERONIMO,399,2785
LOMAS DE VALLEJOS,GENERAL PAZ,210,2786
LOMAS DE ZAMORA,LOMAS DE ZAMORA,34,2787
LONCOPUE,LONCOPUE,320,2788
LONDRES,BELEN,117,2789
LONQUIMAY,CATRILO,269,2790
LOPEZ,SAN JERONIMO,399,2791
LORETO,LORETO,420,2792
LOS ALTARES,PASO DE INDIOS,158,2793
LOS ALTOS,SANTA ROSA,296,2794
LOS AMORES,VERA,400,2795
LOS ANTIGUOS,LAGO BUENOS AIRES,387,2796
LOS BULACIO Y LOS VILLAGRA,CRUZ ALTA,436,2797
LOS CAJONES,JUNIN,376,2798
LOS CARDOS,SAN MARTIN,396,2799
LOS CATUTOS,ZAPALA,329,2800
LOS CEDROS,SANTA MARÍA,184,2801
LOS CERRILLOS,SAN JAVIER,398,2802
LOS CHAÑARITOS (CRUZ DEL EJE),CRUZ DEL EJE,194,2803
LOS CHAÑARITOS (RÍO SEGUNDO),RIO SEGUNDO,187,2804
LOS CHARRUAS,CONCORDIA,233,2805
LOS CHIHUIDOS,AÑELO,323,2806
LOS CHIRIGUANOS,BERMEJO,237,2807
LOS CISNES,JUAREZ CELMAN,191,2808
LOS COCOS,PUNILLA,186,2809
LOS CONDORES,CALAMUCHITA,179,2810
LOS CONQUISTADORES,FEDERACION,219,2811
LOS FRENTONES,ALMIRANTE BROWN,5,2812
LOS GOMEZ,LEALES,441,2813
LOS HELECHOS,OBERA,308,2814
LOS HORNILLOS,SAN JAVIER,398,2815
LOS HOYOS,RIO SECO,180,2816
LOS JURIES,GENERAL TABOADA,422,2817
LOS LAURELES,GENERAL OBLIGADO,397,2818
LOS MENUCOS,25 DE MAYO,332,2819
LOS MICHES,MINAS,177,2820
LOS MISTOLES,TOTORAL,189,2821
LOS MOLINOS,CASEROS,391,2822
LOS MOLLES,JUNIN,376,2823
LOS NOGALES,TAFI VIEJO,445,2824
LOS NUÑEZ,RIO HONDO,426,2825
LOS OVEJEROS,RIO HONDO,426,2826
LOS PEREYRA,CRUZ ALTA,436,2827
LOS PEREZ,CRUZ ALTA,436,2828
LOS PIRPINTOS,COPO,414,2829
LOS POZOS,ISCHILIN,176,2830
LOS PUESTOS,LEALES,441,2831
LOS QUIROGA,BANDA,412,2832
LOS QUIRQUINCHOS,CASEROS,391,2833
LOS RALOS,CRUZ ALTA,436,2834
LOS REARTES,CALAMUCHITA,179,2835
LOS ROMANOS - SANTO DOMINGO,ROBLES,417,2836
LOS SARMIENTOS Y LA TIPA,RIO CHICO,444,2837
LOS SOSA,MONTEROS,439,2838
LOS SURGENTES,MARCOS JUAREZ,183,2839
LOS TABANOS,VERA,400,2840
LOS TALARES,POCHO,181,2841
LOS TELARES,SALAVINA,407,2842
LOS TOLDOS,SANTA VICTORIA,342,2843
LOS VARELA,AMBATO,118,2844
LOS ZORROS,TERCERO ARRIBA,190,2845
LOVENTUE,LOVENTUE,271,2846
LOZADA,SANTA MARÍA,184,2847
LUAN TORO,LOVENTUE,271,2848
LUCA,GENERAL SAN MARTIN,182,2849
LUCAS GONZALEZ,NOGOYA,228,2850
LUCAS NORTE,VILLAGUAY,225,2851
LUCAS SUR PRIMERO,VILLAGUAY,225,2852
LUCAS SUR SEGUNDO,VILLAGUAY,225,2853
LUCIO V LOPEZ,IRIONDO,389,2854
LUCIO VICTORIO MANSILLA,TULUMBA,196,2855
LUGONES,AVELLANEDA,419,2856
LUIS BELTRAN,AVELLANEDA,419,2857
LUIS PALACIOS,SAN LORENZO,406,2858
LUJAN,LUJAN,82,2859
LUJAN DE CUYO,LUJAN DE CUYO,301,2860
LUQUE,RIO SEGUNDO,187,2861
LUTTI,CALAMUCHITA,179,2862
LUYABA,SAN JAVIER,398,2863
MACACHIN,ATREUCO,274,2864
MACHAGAI,25 DE MAYO,332,2865
MACIA,TALA,234,2866
MACIEL,SAN JERONIMO,399,2867
MAGDALENA,MAGDALENA,51,2868
MAGGIOLO,GENERAL LOPEZ,395,2869
MAIMARA,TILCARA,245,2870
MAINQUE,GENERAL ROCA,188,2871
MAIPU,MAIPU,142,2872
MAISONAVE,REALICO,260,2873
MAKALLE,GENERAL DONOVAN,129,2874
MALABRIGO,GENERAL OBLIGADO,397,2875
MALAGUEÑO,SANTA MARÍA,184,2876
MALARGUE,MALARGUE,294,2877
MALBRAN,AGUIRRE,409,2878
MALENA,RIO CUARTO,193,2879
MALVINAS ARGENTINAS,MALVINAS ARGENTINAS,67,2880
MAMUEL CHOIQUE,ÑORQUINCO,339,2881
MANFREDI,RIO SEGUNDO,187,2882
MANUEL GARCIA FERNANDEZ,LEALES,441,2883
MANUELA PEDRAZA,SIMOCA,438,2884
MANZANO AMARGO,MINAS,177,2885
MAQUINCHAO,25 DE MAYO,332,2886
MAQUINISTA GALLINI,RIO PRIMERO,185,2887
MAR CHIQUITA,MAR CHIQUITA,113,2888
MARCELINO ESCALADA,SAN JUSTO,401,2889
MARCOS JUAREZ,MARCOS JUAREZ,183,2890
MARCOS PAZ,MARCOS PAZ,87,2891
MARGARITA,VERA,400,2892
MARGARITA BELEN,1° DE MAYO,139,2893
MARIA GRANDE,PARANA,229,2894
MARIA GRANDE 2°,PARANA,229,2895
MARIA JUANA,CASTELLANOS,390,2896
MARIA LUISA,LAS COLONIAS,394,2897
MARIA SUSANA,SAN MARTIN,396,2898
MARIA TERESA,GENERAL LOPEZ,395,2899
MARIANO BOEDO,FORMOSA,235,2900
MARIANO I LOZA,MERCEDES,56,2901
MARIANO MORENO,ZAPALA,329,2902
MARTIRES,CANDELARIA,309,2903
MARULL,SAN JUSTO,401,2904
MATARA,JUAN F IBARRA,415,2905
MATILDE,LAS COLONIAS,394,2906
MATORRALES,RIO SEGUNDO,187,2907
MATTALDI,GENERAL ROCA,188,2908
MAUA,CASTELLANOS,390,2909
MAURICIO MAYER,CONHELO,263,2910
MAXIMO PAZ,CONSTITUCION,388,2911
MAYOR VICENTE E,PIRANE,239,2912
MAYU SUMAJ,PUNILLA,186,2913
MBURUCUYA,MBURUCUYA,217,2914
MEDANOS,ISLAS DEL IBICUY,227,2915
MEDELLIN,ATAMISQUI,418,2916
MEDIA NARANJA,CRUZ DEL EJE,194,2917
MEDINA,CHICLIGASTA,437,2918
MELERO,JUAN F IBARRA,415,2919
MELINCUE,GENERAL LOPEZ,395,2920
MELO,PRESIDENTE ROQUE SAENZ PEÑA,197,2921
MENCUE,EL CUY,331,2922
MENDIOLAZA,COLON,2,2923
MERCEDES,MERCEDES,56,2924
MERLO,MERLO,47,2925
METAN,METAN,343,2926
METILEO,TRENEL,277,2927
MI GRANJA,COLON,2,2928
MIGUEL CANE,QUEMU QUEMU,266,2929
MIGUEL RIGLOS,ATREUCO,274,2930
MIGUEL TORRES,GENERAL LOPEZ,395,2931
MINA 3,GUER AIKE,384,2932
MINA CLAVERO,SAN ALBERTO,192,2933
MINA PIRQUITAS,RINCONADA,256,2934
MINISTRO RAMOS MEXIA,9 DE JULIO,404,2935
MIRAFLORES,GENERAL GUEMES,133,2936
MIRAMAR,SAN JUSTO,401,2937
MISION NUEVA POMPEYA,GENERAL GUEMES,133,2938
MISION SAN FRANCISCO DE LAISHI,LAISHI,241,2939
MISION TACAAGLE,PILAGAS,240,2940
MOCORETA,MONTE CASEROS,211,2941
MOISES VILLE,SAN CRISTOBAL,393,2942
MOJON DE FIERRO,FORMOSA,235,2943
MOJON GRANDE,SAN JAVIER,398,2944
MOJONES NORTE,VILLAGUAY,225,2945
MOJONES SUR,VILLAGUAY,225,2946
MOLINO DOLL,VICTORIA,232,2947
MOLINOS,MOLINOS,354,2948
MONIGOTES,SAN CRISTOBAL,393,2949
MONJE,SAN JERONIMO,399,2950
MONTE,MONTE,12,2951
MONTE BELLO,RIO CHICO,444,2952
MONTE BUEY,MARCOS JUAREZ,183,2953
MONTE CASEROS,MONTE CASEROS,211,2954
MONTE CRISTO,RIO PRIMERO,185,2955
MONTE DE LOS GAUCHOS,RIO CUARTO,193,2956
MONTE HERMOSO,MONTE HERMOSO,45,2957
MONTE LEÑA,UNION,178,2958
MONTE MAIZ,UNION,178,2959
MONTE NIEVAS,CONHELO,263,2960
MONTE OSCURIDAD,SAN CRISTOBAL,393,2961
MONTE QUEMADO,COPO,414,2962
MONTE RALO,SANTA MARÍA,184,2963
MONTE REDONDO (O 7° DISTRITO),GUALEGUAY,220,2964
MONTE VERA,LA CAPITAL,402,2965
MONTEAGUDO,SIMOCA,438,2966
MONTECARLO,MONTECARLO,312,2967
MONTEFIORE,9 DE JULIO,404,2968
MONTEROS,MONTEROS,439,2969
MONTERRICO,EL CARMEN,248,2970
MONTES DE OCA,BELGRANO,403,2971
MONTOYA,VICTORIA,232,2972
MORENO,MORENO,424,2973
MORON,MORON,74,2974
MORRISON,UNION,178,2975
MORTEROS,SAN JUSTO,401,2976
MULAS GRANDES,FELICIANO,226,2977
MURPHY,GENERAL LOPEZ,395,2978
MUTQUIN,POMAN,120,2979
NACION RANQUEL,GENERAL PEDERNERA,373,2980
NAHUEL NIYEU,VALCHETA,333,2981
NAPENAY,INDEPENDENCIA,140,2982
NARE,SAN JUSTO,401,2983
NASCHEL,CHACABUCO,378,2984
NAUPA HUEN,EL CUY,331,2985
NAVARRO,NAVARRO,104,2986
NAVIA,JUAN MARTÍN DE PUEYRREDÓN,379,2987
NAZARENO,SANTA VICTORIA,342,2988
NECOCHEA,NECOCHEA,61,2989
NEGRA MUERTA,BANDA,412,2990
NELSON,LA CAPITAL,402,2991
NEUQUEN,CONFLUENCIA,316,2992
NICANOR MOLINAS,GENERAL OBLIGADO,397,2993
NICOLAS BRUZZONE,GENERAL ROCA,188,2994
NOETINGER,UNION,178,2995
NOGOLI,BELGRANO,403,2996
NOGOYA,NOGOYA,228,2997
NONO,SAN ALBERTO,192,2998
NUESTRA SEÑORA DE LOS DOLORES DE KOLUEL KAIKE,DESEADO,382,2999
NUEVA ESCOCIA,CONCORDIA,233,3000
NUEVA ESPERANZA,PELLEGRINI,416,3001
NUEVA FRANCIA,SILIPICA,427,3002
NUEVA GALIA,GOBERNADOR DUPUY,380,3003
NUEVA VIZCAYA,FEDERAL,222,3004
NUEVO TORINO,LAS COLONIAS,394,3005
ÑANCAY,ISLAS DEL IBICUY,227,3006
ÑANDUCITA,SAN CRISTOBAL,393,3007
ÑORQUINCO,ÑORQUINCO,339,3008
OBERA,OBERA,308,3009
OBISPO TREJO,RIO PRIMERO,185,3010
OCTAVIO PICO,PEHUENCHES,325,3011
OJOS DE AGUA,ÑORQUINCO,339,3012
OLAETA,JUAREZ CELMAN,191,3013
OLAVARRIA,OLAVARRIA,4,3014
OLEGARIO VICTOR ANDRADE,LEANDRO N. ALEM,311,3015
OLIVA,TERCERO ARRIBA,190,3016
OLIVARES DE SAN NICOLAS,ISCHILIN,176,3017
OLIVEROS,IRIONDO,389,3018
OMBU,LA PAZ,221,3019
ONAGOITY,GENERAL ROCA,188,3020
ONCATIVO,RIO SEGUNDO,187,3021
ORDOÑEZ,UNION,178,3022
ORO VERDE,PARANA,229,3023
OTUMPA,MORENO,424,3024
PACHECO DE MELO,JUAREZ CELMAN,191,3025
PACLIN,PACLIN,126,3026
PAGO DE LOS DESEOS,SALADAS,201,3027
PAJONAL,VICTORIA,232,3028
PALACIOS,SAN CRISTOBAL,393,3029
PALMA SOLA,SANTA BARBARA,249,3030
PALMAR GRANDE,GENERAL PAZ,210,3031
PALO NEGRO,RIVADAVIA,350,3032
PALO SANTO,PIRANE,239,3033
PALPALA,PALPALA,257,3034
PAMPA ALMIRON,LIBERTADOR GENERAL SAN MARTÍN,374,3035
PAMPA BLANCA,EL CARMEN,248,3036
PAMPA DE LOS GUANACOS,COPO,414,3037
PAMPA DEL INDIO,LIBERTADOR GENERAL SAN MARTÍN,374,3038
PAMPA DEL INFIERNO,ALMIRANTE BROWN,5,3039
PAMPA MAYO,SIMOCA,438,3040
PAMPAYASTA NORTE,TERCERO ARRIBA,190,3041
PAMPAYASTA SUD,TERCERO ARRIBA,190,3042
PAMPICHUELA,VALLE GRANDE,252,3043
PANAHOLMA,SAN ALBERTO,192,3044
PANAMBI,OBERA,308,3045
PAPAGAYOS,CHACABUCO,378,3046
PARADA PUCHETA,PASO DE LOS LIBRES,213,3047
PARAJE GUAYAQUIL,FEDERACION,219,3048
PARAJE LOS ALGARROBOS,VILLAGUAY,225,3049
PARANA,PARANA,229,3050
PARERA,RANCUL,264,3051
PASCANAS,UNION,178,3052
PASCO,GENERAL SAN MARTIN,182,3053
PASO AGUERRE,PICUN LEUFU,321,3054
PASO DE INDIOS,PASO DE INDIOS,158,3055
PASO DE LA ARENA,PARANA,229,3056
PASO DE LA LAGUNA,VILLAGUAY,225,3057
PASO DE LA PATRIA,SAN COSME,208,3058
PASO DE LAS PIEDRAS,PARANA,229,3059
PASO DE LOS LIBRES,PASO DE LOS LIBRES,213,3060
PASO DEL DURAZNO,JUAREZ CELMAN,191,3061
PASO DEL SAPO,LANGUIÑEO,147,3062
PASO DUARTE,FEDERAL,222,3063
PASO FLORES,PILCANIYEU,334,3064
PASO GRANDE,LIBERTADOR GENERAL SAN MARTÍN,374,3065
PASO VIEJO,CRUZ DEL EJE,194,3066
PASTOR BRITOS,GUALEGUAYCHU,223,3067
PATAGONES,PATAGONES,53,3068
PAVON,CONSTITUCION,388,3069
PAVON ARRIBA,CONSTITUCION,388,3070
PAYOGASTA,CACHI,358,3071
PEDERNAL,CONCORDIA,233,3072
PEDRO GOMEZ CELLO,SAN JUSTO,401,3073
PEDRO R FERNANDEZ,SAN ROQUE,204,3074
PEHUAJO,PEHUAJO,68,3075
PELLEGRINI,PELLEGRINI,416,3076
PEÑAS BLANCAS,GENERAL ROCA,188,3077
PERDICES,GUALEGUAYCHU,223,3078
PEREZ,ROSARIO,392,3079
PERGAMINO,PERGAMINO,70,3080
PERICO,EL CARMEN,248,3081
PERITO MORENO,LAGO BUENOS AIRES,387,3082
PERU,GUATRACHE,273,3083
PERUGORRIA,CURUZU CUATIA,205,3084
PEYRANO,CONSTITUCION,388,3085
PIAMONTE,SAN MARTIN,396,3086
PICADA BERON,LA PAZ,221,3087
PICHANAL,ORAN,346,3088
PICHI HUINCA,RANCUL,264,3089
PICHI MAHUIDA,PICHI MAHUIDA,336,3090
PICO TRUNCADO,DESEADO,382,3091
PICUN LEUFU,PICUN LEUFU,321,3092
PIEDRA DEL AGUILA,COLLON CURA,322,3093
PIEDRABUENA,BURRUYACU,443,3094
PIEDRAS BLANCAS,LA PAZ,221,3095
PILA,PILA,59,3096
PILAR,PILAR,18,3097
PILCANIYEU,PILCANIYEU,334,3098
PILO LIL,CATAN LIL,317,3099
PILQUINIYEU,25 DE MAYO,332,3100
PILQUINIYEU DEL LIMAY,PILCANIYEU,334,3101
PINAMAR,PINAMAR,29,3102
PINCEN,GENERAL ROCA,188,3103
PINTO,AGUIRRE,409,3104
PIÑERO,ROSARIO,392,3105
PIQUILLIN,RIO PRIMERO,185,3106
PIRANE,PIRANE,239,3107
PLAZA CLUCELLAS,CASTELLANOS,390,3108
PLAZA DE MERCEDES,RIO PRIMERO,185,3109
PLAZA HUINCUL,CONFLUENCIA,316,3110
PLAZA LUXARDO,SAN JUSTO,401,3111
PLOTTIER,CONFLUENCIA,316,3112
POCITO,POCITO,363,3113
POMAN,POMAN,120,3114
POMONA,AVELLANEDA,419,3115
PORTEÑA,SAN JUSTO,401,3116
PORTON NEGRO,PILAGAS,240,3117
PORTUGALETE,SAN CRISTOBAL,393,3118
POSADAS,CAPITAL,413,3119
POSTA CAMBIO ZALAZAR,PATIÑO,236,3120
POTRERO DE GARAY,SANTA MARÍA,184,3121
POTRERO DE LOS FUNES,JUAN MARTÍN DE PUEYRREDÓN,379,3122
POZO AZUL,SAN PEDRO,304,3123
POZO BETBEDER,PELLEGRINI,416,3124
POZO BORRADO,9 DE JULIO,404,3125
POZO DE MAZA,BERMEJO,237,3126
POZO DE PIEDRA,BELEN,117,3127
POZO DEL MOLLE,RIO SEGUNDO,187,3128
POZO DEL MORTERO,BERMEJO,237,3129
POZO DEL TIGRE,PATIÑO,236,3130
POZO DEL TOBA,JUAN F IBARRA,415,3131
POZO HONDO,JIMENEZ,423,3132
POZO NUEVO,SOBREMONTE,195,3133
POZUELOS,RIO HONDO,426,3134
PRAHUANIYEU,9 DE JULIO,404,3135
PRESIDENCIA DE LA PLAZA,PRESIDENCIA DE LA PLAZA,138,3136
PRESIDENCIA ROCA,LIBERTADOR GENERAL SAN MARTÍN,374,3137
PRESIDENCIA ROQUE SAENZ PEÑA,COMANDANTE FERNANDEZ,144,3138
PRESIDENTE PERON,PRESIDENTE PERON,14,3139
PRESIDENTE ROCA,CASTELLANOS,390,3140
PROFESOR SALVADOR MAZZA,GENERAL JOSE DE SAN MARTÍN,348,3141
PROFUNDIDAD,CANDELARIA,309,3142
PROGRESO,LAS COLONIAS,394,3143
PRONUNCIAMIENTO,URUGUAY,231,3144
PROVIDENCIA,LAS COLONIAS,394,3145
PUAN,PUAN,97,3146
PUEBLO ANDINO,IRIONDO,389,3147
PUEBLO BRUGO,PARANA,229,3148
PUEBLO CAZES,COLON,2,3149
PUEBLO ESTHER,ROSARIO,392,3150
PUEBLO GENERAL BELGRANO,GUALEGUAYCHU,223,3151
PUEBLO ITALIANO,UNION,178,3152
PUEBLO LIBERTADOR,ESQUINA,214,3153
PUEBLO LIEBIG S,COLON,2,3154
PUEBLO MARINI,CASTELLANOS,390,3155
PUEBLO MUÑOZ,ROSARIO,392,3156
PUELCHES,CURACO,258,3157
PUELEN,PUELEN,262,3158
PUERTA DE CORRAL QUEMADO,BELEN,117,3159
PUERTA DE SAN JOSE,BELEN,117,3160
PUERTO ALGARROBO,LA PAZ,221,3161
PUERTO BERMEJO,BERMEJO,237,3162
PUERTO DESEADO,DESEADO,382,3163
PUERTO ESPERANZA,IGUAZU,314,3164
PUERTO EVA PERON,BERMEJO,237,3165
PUERTO GENERAL SAN MARTIN,SAN LORENZO,406,3166
PUERTO IGUAZU,IGUAZU,314,3167
PUERTO LEONI,LIBERTADOR GENERAL SAN MARTÍN,374,3168
PUERTO LIBERTAD,IGUAZU,314,3169
PUERTO MADRYN,BIEDMA,152,3170
PUERTO PIRAMIDES,BIEDMA,152,3171
PUERTO PIRAY,MONTECARLO,312,3172
PUERTO RICO,LIBERTADOR GENERAL SAN MARTÍN,374,3173
PUERTO SAN JULIAN,MAGALLANES,383,3174
PUERTO SANTA CRUZ,CORPEN AIKE,386,3175
PUERTO TIROL,LIBERTAD,136,3176
PUERTO VILELAS,SAN FERNANDO,135,3177
PUERTO YERUA,CONCORDIA,233,3178
PUESTO DE CASTRO,RIO SECO,180,3179
PUESTO DEL MARQUEZ,COCHINOCA,244,3180
PUESTO VIEJO,EL CARMEN,248,3181
PUJATO,SAN LORENZO,406,3182
PUJATO NORTE,LAS COLONIAS,394,3183
PUMAHUASI,YAVI,255,3184
PUNTA DEL AGUA,TERCERO ARRIBA,190,3185
PUNTA INDIO,PUNTA INDIO,106,3186
PUNTA POZO,AVELLANEDA,419,3187
PURMAMARCA,TUMBAYA,246,3188
QUEBRACHO,PARANA,229,3189
QUEBRACHO COTO,PELLEGRINI,416,3190
QUEBRACHO HERRADO,SAN JUSTO,401,3191
QUEHUE,UTRACAN,259,3192
QUEMU QUEMU,QUEMU QUEMU,266,3193
QUETREQUEN,RANCUL,264,3194
QUILI MALAL,PICUNCHES,328,3195
QUILINO,ISCHILIN,176,3196
QUILMES,QUILMES,48,3197
QUILMES Y LOS SUELDOS,LEALES,441,3198
QUIMILI,MORENO,424,3199
QUINES,AYACUCHO,377,3200
QUITILIPI,QUITILIPI,146,3201
RACO,TAFI VIEJO,445,3202
RADA TILLY,ESCALANTE,154,3203
RAFAEL GARCIA,SANTA MARÍA,184,3204
RAFAELA,CASTELLANOS,390,3205
RAICES OESTE,VILLAGUAY,225,3206
RAMADA PASO,ITATI,212,3207
RAMALLO,RAMALLO,58,3208
RAMAYON,SAN JUSTO,401,3209
RAMIREZ DE VELAZCO,QUEBRACHOS,429,3210
RAMON M CASTRO,ZAPALA,329,3211
RAMONA,CASTELLANOS,390,3212
RANCHILLOS Y SAN MIGUEL,CRUZ ALTA,436,3213
RANCUL,RANCUL,264,3214
RANQUELES,GENERAL ROCA,188,3215
RAPELLI,PELLEGRINI,416,3216
RAUCH,RAUCH,84,3217
RAWSON,RAWSON,155,3218
RAYO CORTADO,RIO SECO,180,3219
REAL SAYANA,AVELLANEDA,419,3220
REALICO,REALICO,260,3221
RECONQUISTA,GENERAL OBLIGADO,397,3222
RECREO,LA PAZ,221,3223
REDUCCION,JUAREZ CELMAN,191,3224
RELMO,QUEMU QUEMU,266,3225
REMES,CAPITAL,413,3226
RENCA,CHACABUCO,378,3227
RESISTENCIA,SAN FERNANDO,135,3228
RIACHO HE-HE,PILCOMAYO,238,3229
RIACHO NEGRO,PILCOMAYO,238,3230
RIACHUELO,CAPITAL,413,3231
RICARDONE,SAN LORENZO,406,3232
RINCON,RIO SEGUNDO,187,3233
RINCON DE LOS SAUCES,PEHUENCHES,325,3234
RINCON DE NOGOYA,VICTORIA,232,3235
RINCON DEL DOLL,VICTORIA,232,3236
RINCON DEL GATO,GUALEGUAYCHU,223,3237
RINCON TRENETA,9 DE JULIO,404,3238
RINCONADA,RINCONADA,256,3239
RIO CEBALLOS,COLON,2,3240
RIO CHICO,ÑORQUINCO,339,3241
RIO CHICO Y NUEVA TRINIDAD,SIMOCA,438,3242
RIO COLORADO,LEALES,441,3243
RIO CUARTO,RIO CUARTO,193,3244
RIO DE LOS SAUCES,CALAMUCHITA,179,3245
RIO GALLEGOS,GUER AIKE,384,3246
RIO GRANDE,RIO GRANDE,433,3247
RIO MAYO,RIO SENGUER,148,3248
RIO PICO,TEHUELCHES,153,3249
RIO PIEDRAS,METAN,343,3250
RIO PRIMERO,RIO PRIMERO,185,3251
RIO SECO,MONTEROS,439,3252
RIO SEGUNDO,RIO SEGUNDO,187,3253
RIO TERCERO,TERCERO ARRIBA,190,3254
RIO TURBIO,GUER AIKE,384,3255
RIOBAMBA,PRESIDENTE ROQUE SAENZ PEÑA,197,3256
RIVADAVIA,LAS COLONIAS,394,3257
RIVADAVIA BANDA NORTE,RIVADAVIA,350,3258
RIVADAVIA BANDA SUR,RIVADAVIA,350,3259
ROCAMORA,URUGUAY,231,3260
RODEITO,SAN PEDRO,304,3261
ROJAS,ROJAS,7,3262
ROLDAN,SAN LORENZO,406,3263
ROLON,ATREUCO,274,3264
ROMANG,SAN JAVIER,398,3265
ROQUE PEREZ,ROQUE PEREZ,115,3266
ROSALES,PRESIDENTE ROQUE SAENZ PEÑA,197,3267
ROSARIO,ROSARIO,392,3268
ROSARIO DE LA FRONTERA,ROSARIO DE LA FRONTERA,357,3269
ROSARIO DE LERMA,ROSARIO DE LERMA,360,3270
ROSARIO DE RIO GRANDE,SAN PEDRO,304,3271
ROSARIO DEL SALADILLO,TULUMBA,196,3272
ROSARIO DEL TALA,TALA,234,3273
ROSARIO VERA PEÑALOZA,ROSARIO VERA PEÑALOZA,284,3274
ROSPENTEK,GUER AIKE,384,3275
RUCANELO,CONHELO,263,3276
RUEDA,CONSTITUCION,388,3277
RUFINO,GENERAL LOPEZ,395,3278
RUIZ DE MONTOYA,LIBERTADOR GENERAL SAN MARTÍN,374,3279
RUMI PUNCO,LA COCHA,447,3280
SA PEREYRA,LAS COLONIAS,394,3281
SAAVEDRA,SAAVEDRA,39,3282
SABAGASTA,SALAVINA,407,3283
SACANTA,SAN JUSTO,401,3284
SACHAYOJ,ALBERDI,410,3285
SAGRADA FAMILIA,RIO PRIMERO,185,3286
SAGUIER,CASTELLANOS,390,3287
SAIRA,MARCOS JUAREZ,183,3288
SALADAS,SALADAS,201,3289
SALADERO MARIANO CABAL,GARAY,405,3290
SALADILLO,SALADILLO,22,3291
SALDAN,COLON,2,3292
SALLIQUELO,SALLIQUELO,43,3293
SALSACATE,POCHO,181,3294
SALSIPUEDES,COLON,2,3295
SALTA,CAPITAL,413,3296
SALTO,SALTO,103,3297
SALTO ENCANTADO,CAINGUAS,305,3298
SALTO GRANDE,IRIONDO,389,3299
SAMPACHO,RIO CUARTO,193,3300
SAMUHU,SAN LORENZO,406,3301
SAN AGUSTIN,LAS COLONIAS,394,3302
SAN ANDRES,CRUZ ALTA,436,3303
SAN ANDRES DE GILES,SAN ANDRES DE GILES,42,3304
SAN ANTONIO,CASTELLANOS,390,3305
SAN ANTONIO - ROLDAN,JUAN F IBARRA,415,3306
SAN ANTONIO DE ARECO,SAN ANTONIO DE ARECO,102,3307
SAN ANTONIO DE ARREDONDO,PUNILLA,186,3308
SAN ANTONIO DE LITIN,UNION,178,3309
SAN ANTONIO DE LOS COBRES,LOS ANDES,352,3310
SAN ANTONIO DE OBLIGADO,GENERAL OBLIGADO,397,3311
SAN ANTONIO ISLA APIPE GRANDE,ITUZAINGO,203,3312
SAN ANTONIO OESTE,SAN ANTONIO,337,3313
SAN BASILIO,RIO CUARTO,193,3314
SAN BENITO,CAPITAL,413,3315
SAN BERNARDO,9 DE JULIO,404,3316
SAN BLAS DE LOS SAUCES,SAN BLAS DE LOS SAUCES,283,3317
SAN CARLOS,SAN CARLOS,295,3318
SAN CARLOS CENTRO,LAS COLONIAS,394,3319
SAN CARLOS DE BARILOCHE,BARILOCHE,338,3320
SAN CARLOS MINAS,MINAS,177,3321
SAN CARLOS NORTE,LAS COLONIAS,394,3322
SAN CARLOS SUD,LAS COLONIAS,394,3323
SAN CAYETANO,SAN CAYETANO,28,3324
SAN CIPRIANO,URUGUAY,231,3325
SAN CLEMENTE,SANTA MARÍA,184,3326
SAN COSME,SAN COSME,208,3327
SAN CRISTOBAL,SAN CRISTOBAL,393,3328
SAN EDUARDO,GENERAL LOPEZ,395,3329
SAN ERNESTO,SAN SALVADOR,230,3330
SAN ESTEBAN,PUNILLA,186,3331
SAN EUGENIO,SAN JERONIMO,399,3332
SAN FABIAN,SAN JERONIMO,399,3333
SAN FELIPE Y SANTA BARBARA,LULES,442,3334
SAN FERNANDO,BELEN,117,3335
SAN FERNANDO DEL VALLE DE CATAMARCA,CAPITAL,413,3336
SAN FRANCISCO,VALLE GRANDE,252,3337
SAN FRANCISCO DE SANTA FE,GENERAL LOPEZ,395,3338
SAN FRANCISCO DEL CHAÑAR,SOBREMONTE,195,3339
SAN FRANCISCO DEL MONTE DE ORO,AYACUCHO,377,3340
SAN GENARO,SAN JERONIMO,399,3341
SAN GERONIMO,POCHO,181,3342
SAN GREGORIO,GENERAL LOPEZ,395,3343
SAN GUILLERMO,SAN CRISTOBAL,393,3344
SAN GUSTAVO,LA PAZ,221,3345
SAN HILARIO,FORMOSA,235,3346
SAN IGNACIO,SAN IGNACIO,307,3347
SAN ISIDRO,GOYA,200,3348
SAN ISIDRO DE LULES,LULES,442,3349
SAN JAIME DE LA FRONTERA,FEDERACION,219,3350
SAN JAVIER,SAN JAVIER,398,3351
SAN JAVIER Y YACANTO,SAN JAVIER,398,3352
SAN JERONIMO,JUAN MARTÍN DE PUEYRREDÓN,379,3353
SAN JERONIMO DEL SAUCE,LAS COLONIAS,394,3354
SAN JERONIMO NORTE,LAS COLONIAS,394,3355
SAN JERONIMO SUD,SAN LORENZO,406,3356
SAN JOAQUIN,PRESIDENTE ROQUE SAENZ PEÑA,197,3357
SAN JORGE,SAN MARTIN,396,3358
SAN JOSE,APOSTOLES,306,3359
SAN JOSE DE FELICIANO,FELICIANO,226,3360
SAN JOSE DE LA COCHA,LA COCHA,447,3361
SAN JOSE DE LA DORMIDA,TULUMBA,196,3362
SAN JOSE DE LA ESQUINA,CASEROS,391,3363
SAN JOSE DE LAS SALINAS,TULUMBA,196,3364
SAN JOSE DEL BOQUERON,COPO,414,3365
SAN JOSE DEL MORRO,GENERAL PEDERNERA,373,3366
SAN JOSE DEL RINCON,LA CAPITAL,402,3367
SAN JUAN,CAPITAL,413,3368
SAN JUSTO,URUGUAY,231,3369
SAN LORENZO,CAPITAL,413,3370
SAN LUIS,JUAN MARTÍN DE PUEYRREDÓN,379,3371
SAN LUIS DEL PALMAR,SAN LUIS DEL PALMAR,206,3372
SAN MARCIAL,URUGUAY,231,3373
SAN MARCOS SIERRAS,CRUZ DEL EJE,194,3374
SAN MARCOS SUD,UNION,178,3375
SAN MARIANO,LAS COLONIAS,394,3376
SAN MARTIN,SAN MARTIN,396,3377
SAN MARTIN DE LAS ESCOBAS,SAN MARTIN,396,3378
SAN MARTIN DE LOS ANDES,LACAR,318,3379
SAN MARTIN DOS,PATIÑO,236,3380
SAN MARTIN I,PATIÑO,236,3381
SAN MARTIN NORTE,SAN JUSTO,401,3382
SAN MIGUEL,COLON,2,3383
SAN MIGUEL DE TUCUMAN,CAPITAL,413,3384
SAN NICOLAS,SAN NICOLAS,66,3385
SAN PABLO,CHACABUCO,378,3386
SAN PABLO Y VILLA NOUGUES,LULES,442,3387
SAN PATRICIO DEL CHAÑAR,AÑELO,323,3388
SAN PEDRO,SAN PEDRO,304,3389
SAN PEDRO DE COLALAO,TRANCAS,449,3390
SAN PEDRO DE GUASAYAN,GUASAYAN,411,3391
SAN PEDRO DE JUJUY,SAN PEDRO,304,3392
SAN PEDRO NORTE,TULUMBA,196,3393
SAN PEDRO Y SAN ANTONIO,SIMOCA,438,3394
SAN RAFAEL,SAN RAFAEL,303,3395
SAN RAMIREZ,LA PAZ,221,3396
SAN RAMON,FEDERACION,219,3397
SAN RAMON - LA DARSENA,BANDA,412,3398
SAN RAMON DE LA NUEVA ORAN,ORAN,346,3399
SAN ROQUE,FEDERACION,219,3400
SAN SALVADOR,SAN SALVADOR,230,3401
SAN SALVADOR DE JUJUY,DOCTOR MANUEL BELGRANO,251,3402
SAN VICENTE,LORETO,420,3403
SAN VICTOR,FELICIANO,226,3404
SANAGASTA,SANAGASTA,279,3405
SANCTI SPIRITU,GENERAL LOPEZ,395,3406
SANFORD,CASEROS,391,3407
SANTA ANA,FEDERACION,219,3408
SANTA ANA DE LOS GUÁCARAS,SAN COSME,208,3409
SANTA ANITA,URUGUAY,231,3410
SANTA CATALINA,GUASAYAN,411,3411
SANTA CLARA,SANTA BARBARA,249,3412
SANTA CLARA DE BUENA VISTA,LAS COLONIAS,394,3413
SANTA CLARA DE SAGUIER,CASTELLANOS,390,3414
SANTA CRUZ Y LA TUNA,SIMOCA,438,3415
SANTA ELENA,RIO SECO,180,3416
SANTA EUFEMIA,JUAREZ CELMAN,191,3417
SANTA FE,LA CAPITAL,402,3418
SANTA ISABEL,GENERAL LOPEZ,395,3419
SANTA LUCIA,FEDERAL,222,3420
SANTA LUISA,PARANA,229,3421
SANTA MARGARITA,9 DE JULIO,404,3422
SANTA MARIA,CAPITAL,413,3423
SANTA MARIA CENTRO,LAS COLONIAS,394,3424
SANTA MARIA DE PUNILLA,PUNILLA,186,3425
SANTA MARIA NORTE,LAS COLONIAS,394,3426
SANTA ROSA,CAPITAL,413,3427
SANTA ROSA DE CALAMUCHITA,CALAMUCHITA,179,3428
SANTA ROSA DE CALCHINES,GARAY,405,3429
SANTA ROSA DE LEALES Y LAGUNA BLAN,LEALES,441,3430
SANTA ROSA DE RIO PRIMERO,RIO PRIMERO,185,3431
SANTA ROSA DEL CONLARA,JUNIN,376,3432
SANTA SYLVINA,FRAY JUSTO SANTA MARÍA DE ORO,145,3433
SANTA TERESA,CONSTITUCION,388,3434
SANTA VICTORIA ESTE,RIVADAVIA,350,3435
SANTA VICTORIA OESTE,SANTA VICTORIA,342,3436
SANTIAGO DE LINIERS,ELDORADO,310,3437
SANTIAGO DEL ESTERO,CAPITAL,413,3438
SANTIAGO TEMPLE,RIO SEGUNDO,187,3439
SANTO DOMINGO,PELLEGRINI,416,3440
SANTO PIPO,SAN IGNACIO,307,3441
SANTO TOMAS,COLLON CURA,322,3442
SANTO TOME,LA CAPITAL,402,3443
SANTOS LUGARES,ALBERDI,410,3444
SANTURCE,SAN CRISTOBAL,393,3445
SARAH,CHAPALEUFU,267,3446
SARGENTO CABRAL,CONSTITUCION,388,3447
SARGENTO MOYA,MONTEROS,439,3448
SARMIENTO,SARMIENTO,408,3449
SASTRE,SAN MARTIN,396,3450
SATURNINO MARIA LASPIUR,SAN JUSTO,401,3451
SAUCE,SAUCE,218,3452
SAUCE ARRIBA,SAN ALBERTO,192,3453
SAUCE DE LUNA,FEDERAL,222,3454
SAUCE MONTRULL,PARANA,229,3455
SAUCE PINTO,PARANA,229,3456
SAUCE SOLO,LORETO,420,3457
SAUCE SUR,TALA,234,3458
SAUCE VIEJO,LA CAPITAL,402,3459
SAUCECITO,LA PAZ,221,3460
SAUJIL,POMAN,120,3461
SAUZAL BONITO,CONFLUENCIA,316,3462
SEBASTIAN ELCANO,RIO SECO,180,3463
SECLANTAS,MOLINOS,354,3464
SEEBER,SAN JUSTO,401,3465
SEGUI,PARANA,229,3466
SEGUNDA USINA,CALAMUCHITA,179,3467
SELVA,RIVADAVIA,350,3468
SENILLOSA,CONFLUENCIA,316,3469
SERODINO,IRIONDO,389,3470
SERRANO,PRESIDENTE ROQUE SAENZ PEÑA,197,3471
SERREZUELA,CRUZ DEL EJE,194,3472
SIERRA COLORADA,9 DE JULIO,404,3473
SIERRA GRANDE,SAN ANTONIO,337,3474
SIERRA PAILEMAN,VALCHETA,333,3475
SIETE PALMAS,PILCOMAYO,238,3476
SILVA,SAN JUSTO,401,3477
SILVIO PELLICO,GENERAL SAN MARTIN,182,3478
SIMBOLAR,TOTORAL,189,3479
SIMOCA,SIMOCA,438,3480
SINSACATE,TOTORAL,189,3481
SIR LEONARD,LA PAZ,221,3482
SOL DE JULIO,OJO DE AGUA,425,3483
SOL DE MAYO,CAPITAL,413,3484
SOLDADO MALDONADO,MONTEROS,439,3485
SOLDINI,ROSARIO,392,3486
SOLEDAD,SAN CRISTOBAL,393,3487
SOSA,PARANA,229,3488
SOTELO,RIO HONDO,426,3489
SOUTOMAYOR,LAS COLONIAS,394,3490
SPELUZZI,MARACO,270,3491
SUARDI,SAN CRISTOBAL,393,3492
SUBTENIENTE PERIN,PATIÑO,236,3493
SUCO,RIO CUARTO,193,3494
SUIPACHA,SUIPACHA,8,3495
SUMAMAO,SILIPICA,427,3496
SUMAMPA,QUEBRACHOS,429,3497
SUNCHALES,CASTELLANOS,390,3498
SUNCHO CORRAL,JUAN F IBARRA,415,3499
SUSANA,CASTELLANOS,390,3500
SUSQUES,SUSQUES,253,3501
TABAY,CONCEPCION,209,3502
TABOADA,SAN MARTIN,396,3503
TABOSSI,PARANA,229,3504
TACAÑITAS,GENERAL TABOADA,422,3505
TACO POZO,ALMIRANTE BROWN,5,3506
TACO RALO,GRANEROS,450,3507
TACUARENDI,GENERAL OBLIGADO,397,3508
TACURAL,CASTELLANOS,390,3509
TACURALES,CASTELLANOS,390,3510
TAFI DEL VALLE,TAFI DEL VALLE,440,3511
TAFI VIEJO,TAFI VIEJO,445,3512
TALA,URUGUAY,231,3513
TALA CAÑADA,POCHO,181,3514
TALA HUASI,PUNILLA,186,3515
TALAINI,MINAS,177,3516
TALITA,JUNIN,376,3517
TANCACHA,TERCERO ARRIBA,190,3518
TANDIL,TANDIL,111,3519
TANTI,PUNILLA,186,3520
TAPALQUE,TAPALQUE,96,3521
TAPEBICUA,PASO DE LOS LIBRES,213,3522
TAPIA,TRANCAS,449,3523
TAPSO,CHOYA,428,3524
TAQUIMILAN,ÑORQUIN,327,3525
TARTAGAL,GENERAL JOSE DE SAN MARTÍN,348,3526
TATACUA,CONCEPCION,209,3527
TATANE,LAISHI,241,3528
TECKA,LANGUIÑEO,147,3529
TELEN,LOVENTUE,271,3530
TELLIER,DESEADO,382,3531
TELSEN,TELSEN,157,3532
TENIENTE BERDINA,MONTEROS,439,3533
TEODELINA,GENERAL LOPEZ,395,3534
TERMAS DE RIO HONDO,RIO HONDO,426,3535
TEZANOS PINTO,PARANA,229,3536
THEOBALD,CONSTITUCION,388,3537
TICINO,GENERAL SAN MARTIN,182,3538
TIGRE,TIGRE,26,3539
TILCARA,TILCARA,245,3540
TILISARAO,CHACABUCO,378,3541
TIMBUES,SAN LORENZO,406,3542
TINOCO,COLON,2,3543
TINOGASTA,TINOGASTA,127,3544
TINTINA,MORENO,424,3545
TIO POZO,LORETO,420,3546
TIO PUJIO,GENERAL SAN MARTIN,182,3547
TOAY,TOAY,261,3548
TOBA,VERA,400,3549
TOLAR GRANDE,LOS ANDES,352,3550
TOLEDO,SANTA MARÍA,184,3551
TOLHUIN,TOLHUIN,435,3552
TOMAS M ANCHORENA,ATREUCO,274,3553
TOMAS YOUNG,GENERAL TABOADA,422,3554
TORDILLO,TORDILLO,114,3555
TORNQUIST,TORNQUIST,79,3556
TORO PUJIO,SAN JUSTO,401,3557
TORTUGAS,BELGRANO,403,3558
TOSNO,MINAS,177,3559
TOSQUITA,RIO CUARTO,193,3560
TOSTADO,9 DE JULIO,404,3561
TOTORAS,IRIONDO,389,3562
TRAILL,SAN MARTIN,396,3563
TRANCAS,TRANCAS,449,3564
TRANSITO,SAN JUSTO,401,3565
TRELEW,RAWSON,155,3566
TRENEL,TRENEL,277,3567
TRENQUE LAUQUEN,TRENQUE LAUQUEN,30,3568
TRES ARROYOS,TRES ARROYOS,107,3569
TRES CAPONES,APOSTOLES,306,3570
TRES CRUCES,JIMENEZ,423,3571
TRES DE FEBRERO,TRES DE FEBRERO,41,3572
TRES ISLETAS,MAIPU,142,3573
TRES LAGOS,LAGO ARGENTINO,381,3574
TRES LAGUNAS,PILAGAS,240,3575
TRES LOMAS,TRES LOMAS,46,3576
TREVELIN,FUTALEUFU,151,3577
TRICAO MALAL,CHOS MALAL,319,3578
TUCLAME,CRUZ DEL EJE,194,3579
TUMBAYA,TUMBAYA,246,3580
TUNUYAN,TUNUYAN,302,3581
TUPUNGATO,TUPUNGATO,300,3582
UBAJAY,COLON,2,3583
UCACHA,JUAREZ CELMAN,191,3584
ULLUM,ULLUM,366,3585
UNANUE,UTRACAN,259,3586
UNION,GOBERNADOR DUPUY,380,3587
UNQUILLO,COLON,2,3588
URANGA,ROSARIO,392,3589
URDINARRAIN,GUALEGUAYCHU,223,3590
URIBURU,CATRILO,269,3591
URUNDEL,ORAN,346,3592
USHUAIA,USHUAIA,431,3593
VACA HUAÑUNA,FIGUEROA,421,3594
VACA HUMAN,SALAVINA,407,3595
VALCHETA,VALCHETA,333,3596
VALLE AZUL,EL CUY,331,3597
VALLE DE ANISACATE,SANTA MARÍA,184,3598
VALLE FERTIL,VALLE FERTIL,369,3599
VALLE GRANDE,VALLE GRANDE,252,3600
VALLE HERMOSO,PUNILLA,186,3601
VALLE VIEJO,VALLE VIEJO,124,3602
VAQUEROS,LA CALDERA,341,3603
VARVARCO - INVERNADA VIEJA,MINAS,177,3604
VENADO TUERTO,GENERAL LOPEZ,395,3605
VERA,VERA,400,3606
VERA Y PINTADO,SAN JUSTO,401,3607
VERTIZ,CHAPALEUFU,267,3608
VIALE,PARANA,229,3609
VIAMONTE,UNION,178,3610
VICENTE LOPEZ,VICENTE LOPEZ,20,3611
VICTORIA,VICTORIA,232,3612
VICTORICA,LOVENTUE,271,3613
VICUÑA MACKENNA,RIO CUARTO,193,3614
VIDELA,SAN JUSTO,401,3615
VIEDMA,ADOLFO ALSINA,335,3616
VIGLIONE,TEHUELCHES,153,3617
VILA,CASTELLANOS,390,3618
VILELAS,JUAN F IBARRA,415,3619
VILLA ALLENDE,COLON,2,3620
VILLA AMANCAY,CALAMUCHITA,179,3621
VILLA AMELIA,ROSARIO,392,3622
VILLA ANA,GENERAL OBLIGADO,397,3623
VILLA ANGELA,MAYOR LUIS J FONTANA,132,3624
VILLA ASCASUBI,TERCERO ARRIBA,190,3625
VILLA ATAMISQUI,ATAMISQUI,418,3626
VILLA BELGRANO,JUAN B ALBERDI,448,3627
VILLA BERTHET,SAN LORENZO,406,3628
VILLA BRANA,MORENO,424,3629
VILLA CANDELARIA NORTE,RIO SECO,180,3630
VILLA CAÑAS,GENERAL LOPEZ,395,3631
VILLA CARLOS PAZ,PUNILLA,186,3632
VILLA CERRO AZUL,COLON,2,3633
VILLA CIUDAD DE AMERICA,SANTA MARÍA,184,3634
VILLA CIUDAD PARQUE LOS REARTES,CALAMUCHITA,179,3635
VILLA CLARA,VILLAGUAY,225,3636
VILLA CONCEPCION DEL TIO,SAN JUSTO,401,3637
VILLA CONSTITUCION,CONSTITUCION,388,3638
VILLA CURA BROCHERO,SAN ALBERTO,192,3639
VILLA CURI LEUVU,CHOS MALAL,319,3640
VILLA DE LA QUEBRADA,BELGRANO,403,3641
VILLA DE LAS ROSAS,SAN JAVIER,398,3642
VILLA DE MARIA,RIO SECO,180,3643
VILLA DE MERLO,JUNIN,376,3644
VILLA DE POCHO,POCHO,181,3645
VILLA DE PRAGA,LIBERTADOR GENERAL SAN MARTÍN,374,3646
VILLA DE SOTO,CRUZ DEL EJE,194,3647
VILLA DEL CARMEN,FORMOSA,235,3648
VILLA DEL DIQUE,CALAMUCHITA,179,3649
VILLA DEL NAHUEVE,MINAS,177,3650
VILLA DEL PRADO,SANTA MARÍA,184,3651
VILLA DEL ROSARIO,FEDERACION,219,3652
VILLA DEL TOTORAL,TOTORAL,189,3653
VILLA DOLORES,SAN JAVIER,398,3654
VILLA DOMINGUEZ,VILLAGUAY,225,3655
VILLA DOS TRECE,PIRANE,239,3656
VILLA EL CHACAY,RIO CUARTO,193,3657
VILLA EL CHOCON,CONFLUENCIA,316,3658
VILLA ELISA,COLON,2,3659
VILLA ELOISA,IRIONDO,389,3660
VILLA ESCOLAR,LAISHI,241,3661
VILLA FIGUEROA,FIGUEROA,421,3662
VILLA FONTANA,PARANA,229,3663
VILLA GENERAL BELGRANO,CALAMUCHITA,179,3664
VILLA GENERAL GUEMES,PATIÑO,236,3665
VILLA GENERAL ROCA,BELGRANO,403,3666
VILLA GESELL,VILLA GESELL,110,3667
VILLA GIARDINO,PUNILLA,186,3668
VILLA GOBERNADOR ETCHEVEHERE,PARANA,229,3669
VILLA GOBERNADOR GALVEZ,ROSARIO,392,3670
VILLA GUASAYAN,GUASAYAN,411,3671
VILLA GUILLERMINA,GENERAL OBLIGADO,397,3672
VILLA GUTIERREZ,ISCHILIN,176,3673
VILLA HIPOLITA,ROBLES,417,3674
VILLA HUIDOBRO,GENERAL ROCA,188,3675
VILLA LA ANGOSTURA,LOS LAGOS,324,3676
VILLA LA BOLSA,SANTA MARÍA,184,3677
VILLA LA FLORIDA,CORONEL PRINGLES,375,3678
VILLA LA PUNTA,CHOYA,428,3679
VILLA LAGO MELIQUINA,LACAR,318,3680
VILLA LARCA,CHACABUCO,378,3681
VILLA LIBERTADOR SAN MARTIN,DIAMANTE,224,3682
VILLA LLANQUIN,PILCANIYEU,334,3683
VILLA LOS AROMOS,SANTA MARÍA,184,3684
VILLA LOS PATOS,UNION,178,3685
VILLA MAILIN,AVELLANEDA,419,3686
VILLA MANTERO,URUGUAY,231,3687
VILLA MARIA,GENERAL SAN MARTIN,182,3688
VILLA MASCARDI,BARILOCHE,338,3689
VILLA MATOQUE,COPO,414,3690
VILLA MERCEDES,GENERAL PEDERNERA,373,3691
VILLA MINETTI,9 DE JULIO,404,3692
VILLA MIRASOL,QUEMU QUEMU,266,3693
VILLA MUGUETA,SAN LORENZO,406,3694
VILLA NUEVA,SAN MARTIN,396,3695
VILLA OCAMPO,GENERAL OBLIGADO,397,3696
VILLA OJO DE AGUA,OJO DE AGUA,425,3697
VILLA OLIVARI,ITUZAINGO,203,3698
VILLA PADRE MONTI,BURRUYACU,443,3699
VILLA PARANACITO,ISLAS DEL IBICUY,227,3700
VILLA PARQUE SANTA ANA,SANTA MARÍA,184,3701
VILLA PARQUE SIQUIMAN,PUNILLA,186,3702
VILLA PEHUENIA,ALUMINE,326,3703
VILLA PUENTE PICUN LEUFU,CATAN LIL,317,3704
VILLA QUILLINZO,CALAMUCHITA,179,3705
VILLA QUINTEROS,MONTEROS,439,3706
VILLA REGINA,GENERAL ROCA,188,3707
VILLA RIO BERMEJITO,GENERAL GUEMES,133,3708
VILLA RIO HONDO,RIO HONDO,426,3709
VILLA RIO ICHO CRUZ,PUNILLA,186,3710
VILLA ROBLES,ROBLES,417,3711
VILLA ROSSI,PRESIDENTE ROQUE SAENZ PEÑA,197,3712
VILLA RUMIPAL,CALAMUCHITA,179,3713
VILLA SALAVINA,SALAVINA,407,3714
VILLA SAN ESTEBAN,SAN JUSTO,401,3715
VILLA SAN ISIDRO,SANTA MARÍA,184,3716
VILLA SAN JOSE,CASTELLANOS,390,3717
VILLA SANTA CRUZ DEL LAGO,PUNILLA,186,3718
VILLA SARALEGUI,SAN CRISTOBAL,393,3719
VILLA SARMIENTO,GENERAL ROCA,188,3720
VILLA SILIPICA,SILIPICA,427,3721
VILLA TRAFUL,LOS LAGOS,324,3722
VILLA TRINIDAD,SAN CRISTOBAL,393,3723
VILLA TULUMBA,TULUMBA,196,3724
VILLA UNION,MITRE,430,3725
VILLA URQUIZA,PARANA,229,3726
VILLA VALERIA,GENERAL ROCA,188,3727
VILLA VIL,BELEN,117,3728
VILLA YACANTO,CALAMUCHITA,179,3729
VILLA ZANJON,CAPITAL,413,3730
VILLADA,CASEROS,391,3731
VILLAGUAY,VILLAGUAY,225,3732
VILLARINO,VILLARINO,23,3733
VILMER,ROBLES,417,3734
VINALITO,SANTA BARBARA,249,3735
VINARA,RIO HONDO,426,3736
VINCHINA,VINCHINA,286,3737
VIRGINIA,CASTELLANOS,390,3738
VISTA ALEGRE,CONFLUENCIA,316,3739
VOLCAN,TUMBAYA,246,3740
VUELTA DE LA BARRANCA,CAPITAL,413,3741
WALTER MOSS,SAN SALVADOR,230,3742
WANDA,IGUAZU,314,3743
WASHINGTON,RIO CUARTO,193,3744
WEISBURD,MORENO,424,3745
WENCESLAO ESCALANTE,UNION,178,3746
WHEELWRIGHT,GENERAL LOPEZ,395,3747
WINIFREDA,CONHELO,263,3748
XX DE SETIEMBRE,NOGOYA,228,3749
YACARE,LA PAZ,221,3750
YALA,DOCTOR MANUEL BELGRANO,251,3751
YAMINUE,9 DE JULIO,404,3752
YANIMA,LA COCHA,447,3753
YAPEYU,SAN MARTIN,396,3754
YATAYTI CALLE,LAVALLE,198,3755
YAVI,YAVI,255,3756
YERBA BUENA,YERBA BUENA,446,3757
YESO OESTE,LA PAZ,221,3758
YUCHAN,JUAN F IBARRA,415,3759
YUTO,LEDESMA,247,3760
ZANJITAS,JUAN MARTÍN DE PUEYRREDÓN,379,3761
ZAPALA,ZAPALA,329,3762
ZARATE,ZARATE,80,3763
ZAVALLA,ROSARIO,392,3764
ZENON PEREYRA,CASTELLANOS,390,3765
ZONDA,ZONDA,361,3766
